Dist Code,Year,State Code,State Name,Dist Name,Crop Name,AREA (1000 ha),PRODUCTION (1000 tons),YIELD (Tons per 1000 ha)
44,2000,1,Andhra Pradesh,Srikakulam,Rice,274.6,511.34,1.86212673
44,2001,1,Andhra Pradesh,Srikakulam,Rice,235.44,502.11,2.13264526
44,2002,1,Andhra Pradesh,Srikakulam,Rice,201.5,328.5,1.630272953
44,2003,1,Andhra Pradesh,Srikakulam,Rice,246.96,545.82,2.210155491
44,2004,1,Andhra Pradesh,Srikakulam,Rice,256.78,601.96,2.344263572
44,2005,1,Andhra Pradesh,Srikakulam,Rice,206.8,351.86,1.701450677
44,2006,1,Andhra Pradesh,Srikakulam,Rice,256.64,640.67,2.496376247
44,2007,1,Andhra Pradesh,Srikakulam,Rice,266.55,803.55,3.014631401
44,2008,1,Andhra Pradesh,Srikakulam,Rice,271.17,570.58,2.104141314
44,2009,1,Andhra Pradesh,Srikakulam,Rice,233.89,497.78,2.128265424
44,2010,1,Andhra Pradesh,Srikakulam,Rice,279.72,358.64,1.282139282
44,2011,1,Andhra Pradesh,Srikakulam,Rice,272.7,537.7,1.971763843
44,2012,1,Andhra Pradesh,Srikakulam,Rice,271.63,689.11,2.536943637
44,2013,1,Andhra Pradesh,Srikakulam,Rice,261.53,500.73,1.914617826
44,2014,1,Andhra Pradesh,Srikakulam,Rice,272.51,613.59,2.251623794
44,2015,1,Andhra Pradesh,Srikakulam,Rice,270.13,664.52,2.46000074
44,2016,1,Andhra Pradesh,Srikakulam,Rice,268.4,801.97,2.987965723
44,2017,1,Andhra Pradesh,Srikakulam,Rice,279.15,735.77,2.635751388
45,2000,1,Andhra Pradesh,Visakhapatnam,Rice,184.25,300.2,1.629308005
45,2001,1,Andhra Pradesh,Visakhapatnam,Rice,145.4,257.47,1.770770289
45,2002,1,Andhra Pradesh,Visakhapatnam,Rice,111.5,122.5,1.098654709
45,2003,1,Andhra Pradesh,Visakhapatnam,Rice,145.18,264.17,1.819603251
45,2004,1,Andhra Pradesh,Visakhapatnam,Rice,161.6,312.13,1.931497525
45,2005,1,Andhra Pradesh,Visakhapatnam,Rice,137.67,202.41,1.470254958
45,2006,1,Andhra Pradesh,Visakhapatnam,Rice,154.97,325.04,2.097438214
45,2007,1,Andhra Pradesh,Visakhapatnam,Rice,162.44,385.24,2.371583354
45,2008,1,Andhra Pradesh,Visakhapatnam,Rice,167.39,328.35,1.961586714
45,2009,1,Andhra Pradesh,Visakhapatnam,Rice,122.53,193.17,1.576511875
45,2010,1,Andhra Pradesh,Visakhapatnam,Rice,184.32,376.1,2.04047309
45,2011,1,Andhra Pradesh,Visakhapatnam,Rice,174.41,303.62,1.740840548
45,2012,1,Andhra Pradesh,Visakhapatnam,Rice,166.65,312.24,1.873627363
45,2013,1,Andhra Pradesh,Visakhapatnam,Rice,163.79,330.13,2.015568716
45,2014,1,Andhra Pradesh,Visakhapatnam,Rice,167.72,343.73,2.049427617
45,2015,1,Andhra Pradesh,Visakhapatnam,Rice,170.96,416.89,2.438523631
45,2016,1,Andhra Pradesh,Visakhapatnam,Rice,172.56,436.84,2.531525267
45,2017,1,Andhra Pradesh,Visakhapatnam,Rice,173.38,421.22,2.429461299
46,2000,1,Andhra Pradesh,East Godavari,Rice,416.83,1366.63,3.278626778
46,2001,1,Andhra Pradesh,East Godavari,Rice,386.59,1330,3.440337308
46,2002,1,Andhra Pradesh,East Godavari,Rice,301,1043,3.465116279
46,2003,1,Andhra Pradesh,East Godavari,Rice,399.99,1631.55,4.078976974
46,2004,1,Andhra Pradesh,East Godavari,Rice,387.42,1509.91,3.897346549
46,2005,1,Andhra Pradesh,East Godavari,Rice,387.42,1149.65,2.967451345
46,2006,1,Andhra Pradesh,East Godavari,Rice,396.89,1393.55,3.511174381
46,2007,1,Andhra Pradesh,East Godavari,Rice,410.78,1518.59,3.696845027
46,2008,1,Andhra Pradesh,East Godavari,Rice,410.09,1513.26,3.690068034
46,2009,1,Andhra Pradesh,East Godavari,Rice,306.58,1073.1,3.500228325
46,2010,1,Andhra Pradesh,East Godavari,Rice,410.53,1357.62,3.306993399
46,2011,1,Andhra Pradesh,East Godavari,Rice,337.09,1176.83,3.491144798
46,2012,1,Andhra Pradesh,East Godavari,Rice,401.06,1101.91,2.747494141
46,2013,1,Andhra Pradesh,East Godavari,Rice,404.68,1211.71,2.994242364
46,2014,1,Andhra Pradesh,East Godavari,Rice,394.12,1563.23,3.966380798
46,2015,1,Andhra Pradesh,East Godavari,Rice,381.74,1445.57,3.786792057
46,2016,1,Andhra Pradesh,East Godavari,Rice,383.96,1627.03,4.237498698
46,2017,1,Andhra Pradesh,East Godavari,Rice,386.54,1672.79,4.327598696
47,2000,1,Andhra Pradesh,West Godavari,Rice,471.67,1652.88,3.504314457
47,2001,1,Andhra Pradesh,West Godavari,Rice,414.2,1473.13,3.556566876
47,2002,1,Andhra Pradesh,West Godavari,Rice,332,1166,3.512048193
47,2003,1,Andhra Pradesh,West Godavari,Rice,410.22,1679.72,4.094680903
47,2004,1,Andhra Pradesh,West Godavari,Rice,420,1649.57,3.927547619
47,2005,1,Andhra Pradesh,West Godavari,Rice,446.02,1363.27,3.056522129
47,2006,1,Andhra Pradesh,West Godavari,Rice,434.04,1557.11,3.587480417
47,2007,1,Andhra Pradesh,West Godavari,Rice,445.32,1639.14,3.680813797
47,2008,1,Andhra Pradesh,West Godavari,Rice,450.46,1600.38,3.552768281
47,2009,1,Andhra Pradesh,West Godavari,Rice,328.58,1115.06,3.393572342
47,2010,1,Andhra Pradesh,West Godavari,Rice,456.52,1490.32,3.264522912
47,2011,1,Andhra Pradesh,West Godavari,Rice,363.79,1308.47,3.596772863
47,2012,1,Andhra Pradesh,West Godavari,Rice,422.51,1289.34,3.05162008
47,2013,1,Andhra Pradesh,West Godavari,Rice,420.62,1342.34,3.191336598
47,2014,1,Andhra Pradesh,West Godavari,Rice,409.29,1624.32,3.968628601
47,2015,1,Andhra Pradesh,West Godavari,Rice,403.8,1558.51,3.859608717
47,2016,1,Andhra Pradesh,West Godavari,Rice,399.41,1666.1,4.171402819
47,2017,1,Andhra Pradesh,West Godavari,Rice,393.22,1693.91,4.307792076
48,2000,1,Andhra Pradesh,Krishna,Rice,394.26,1277.1,3.239232993
48,2001,1,Andhra Pradesh,Krishna,Rice,343.59,1073.14,3.12331558
48,2002,1,Andhra Pradesh,Krishna,Rice,246,767,3.117886179
48,2003,1,Andhra Pradesh,Krishna,Rice,229.85,545.92,2.375114205
48,2004,1,Andhra Pradesh,Krishna,Rice,255.32,836.43,3.27600658
48,2005,1,Andhra Pradesh,Krishna,Rice,359.25,1106.6,3.080306193
48,2006,1,Andhra Pradesh,Krishna,Rice,346.3,876.86,2.53208201
48,2007,1,Andhra Pradesh,Krishna,Rice,354.98,1299.03,3.659445603
48,2008,1,Andhra Pradesh,Krishna,Rice,394.53,1427.3,3.617722353
48,2009,1,Andhra Pradesh,Krishna,Rice,336.64,1209.29,3.592235029
48,2010,1,Andhra Pradesh,Krishna,Rice,355.34,1090.69,3.069426465
48,2011,1,Andhra Pradesh,Krishna,Rice,272.03,1011.54,3.718486932
48,2012,1,Andhra Pradesh,Krishna,Rice,264.53,950.52,3.593240842
48,2013,1,Andhra Pradesh,Krishna,Rice,363.32,1175.52,3.235494881
48,2014,1,Andhra Pradesh,Krishna,Rice,288.04,998.8,3.467573948
48,2015,1,Andhra Pradesh,Krishna,Rice,220.68,762.64,3.455863694
48,2016,1,Andhra Pradesh,Krishna,Rice,231.41,897.72,3.879348343
48,2017,1,Andhra Pradesh,Krishna,Rice,258.73,1031.95,3.988520852
49,2000,1,Andhra Pradesh,Guntur,Rice,373.44,1254.72,3.359897172
49,2001,1,Andhra Pradesh,Guntur,Rice,385.18,1355.41,3.518900254
49,2002,1,Andhra Pradesh,Guntur,Rice,235.9,723.46,3.066807969
49,2003,1,Andhra Pradesh,Guntur,Rice,197.48,555.61,2.813500101
49,2004,1,Andhra Pradesh,Guntur,Rice,304.69,1050.21,3.446814795
49,2005,1,Andhra Pradesh,Guntur,Rice,389.04,1227.43,3.15502262
49,2006,1,Andhra Pradesh,Guntur,Rice,373.26,1079.02,2.890799979
49,2007,1,Andhra Pradesh,Guntur,Rice,366.01,1272.54,3.476790252
49,2008,1,Andhra Pradesh,Guntur,Rice,393.29,1368.83,3.480459712
49,2009,1,Andhra Pradesh,Guntur,Rice,362.3,1291.65,3.565139387
49,2010,1,Andhra Pradesh,Guntur,Rice,401.59,1090.52,2.715505864
49,2011,1,Andhra Pradesh,Guntur,Rice,347.32,1316.41,3.790193482
49,2012,1,Andhra Pradesh,Guntur,Rice,206.87,725.08,3.505003142
49,2013,1,Andhra Pradesh,Guntur,Rice,391.92,1340.84,3.42120841
49,2014,1,Andhra Pradesh,Guntur,Rice,333.74,1298.65,3.891202733
49,2015,1,Andhra Pradesh,Guntur,Rice,183.64,557.07,3.033489436
49,2016,1,Andhra Pradesh,Guntur,Rice,194.37,801.72,4.124710603
49,2017,1,Andhra Pradesh,Guntur,Rice,224.27,936.37,4.175190618
50,2000,1,Andhra Pradesh,S.P.S. Nellore,Rice,243.96,718.96,2.947040498
50,2001,1,Andhra Pradesh,S.P.S. Nellore,Rice,266.4,903.4,3.391141141
50,2002,1,Andhra Pradesh,S.P.S. Nellore,Rice,243.7,729.38,2.992942142
50,2003,1,Andhra Pradesh,S.P.S. Nellore,Rice,172.45,460.2,2.668599594
50,2004,1,Andhra Pradesh,S.P.S. Nellore,Rice,222.31,753.43,3.389096307
50,2005,1,Andhra Pradesh,S.P.S. Nellore,Rice,264.49,953.33,3.604408484
50,2006,1,Andhra Pradesh,S.P.S. Nellore,Rice,287.93,1017.15,3.532629459
50,2007,1,Andhra Pradesh,S.P.S. Nellore,Rice,282.96,1031.46,3.645250212
50,2008,1,Andhra Pradesh,S.P.S. Nellore,Rice,307.02,1180.07,3.843625822
50,2009,1,Andhra Pradesh,S.P.S. Nellore,Rice,315.99,1189.95,3.765783727
50,2010,1,Andhra Pradesh,S.P.S. Nellore,Rice,330.44,1202.9,3.640297785
50,2011,1,Andhra Pradesh,S.P.S. Nellore,Rice,299.61,1193.7,3.984179433
50,2012,1,Andhra Pradesh,S.P.S. Nellore,Rice,270.94,1098.63,4.054883
50,2013,1,Andhra Pradesh,S.P.S. Nellore,Rice,277.55,1113.37,4.011421366
50,2014,1,Andhra Pradesh,S.P.S. Nellore,Rice,280.73,1123.27,4.00124675
50,2015,1,Andhra Pradesh,S.P.S. Nellore,Rice,305.12,1357.59,4.449364185
50,2016,1,Andhra Pradesh,S.P.S. Nellore,Rice,219.86,919.78,4.183480397
50,2017,1,Andhra Pradesh,S.P.S. Nellore,Rice,242.52,1105.54,4.558551872
51,2000,1,Andhra Pradesh,Kurnool,Rice,130.7,421.25,3.223029839
51,2001,1,Andhra Pradesh,Kurnool,Rice,105.36,303.52,2.880789674
51,2002,1,Andhra Pradesh,Kurnool,Rice,69.4,150.16,2.163688761
51,2003,1,Andhra Pradesh,Kurnool,Rice,46.96,131.41,2.798339012
51,2004,1,Andhra Pradesh,Kurnool,Rice,88.49,298.8,3.376652729
51,2005,1,Andhra Pradesh,Kurnool,Rice,132.54,436.21,3.291157386
51,2006,1,Andhra Pradesh,Kurnool,Rice,112.54,374.52,3.327883419
51,2007,1,Andhra Pradesh,Kurnool,Rice,129.08,456.86,3.539355438
51,2008,1,Andhra Pradesh,Kurnool,Rice,132.47,454.09,3.427870461
51,2009,1,Andhra Pradesh,Kurnool,Rice,147.35,492.63,3.343264337
51,2010,1,Andhra Pradesh,Kurnool,Rice,162.16,480.21,2.961334484
51,2011,1,Andhra Pradesh,Kurnool,Rice,125.68,448.24,3.566518141
51,2012,1,Andhra Pradesh,Kurnool,Rice,97.75,367.26,3.75713555
51,2013,1,Andhra Pradesh,Kurnool,Rice,147.06,543.56,3.696178431
51,2014,1,Andhra Pradesh,Kurnool,Rice,131.75,509.21,3.864971537
51,2015,1,Andhra Pradesh,Kurnool,Rice,62.69,200.17,3.19301324
51,2016,1,Andhra Pradesh,Kurnool,Rice,115.13,457.91,3.977329975
51,2017,1,Andhra Pradesh,Kurnool,Rice,109.67,391.52,3.569982675
52,2000,1,Andhra Pradesh,Ananthapur,Rice,62,174.92,2.821290323
52,2001,1,Andhra Pradesh,Ananthapur,Rice,71,204.52,2.88056338
52,2002,1,Andhra Pradesh,Ananthapur,Rice,40,86,2.15
52,2003,1,Andhra Pradesh,Ananthapur,Rice,28.34,70.35,2.482357092
52,2004,1,Andhra Pradesh,Ananthapur,Rice,33.58,106.67,3.17659321
52,2005,1,Andhra Pradesh,Ananthapur,Rice,48.15,125.56,2.60768432
52,2006,1,Andhra Pradesh,Ananthapur,Rice,33.2,99.4,2.993975904
52,2007,1,Andhra Pradesh,Ananthapur,Rice,44.49,132.52,2.978646887
52,2008,1,Andhra Pradesh,Ananthapur,Rice,48.72,144.43,2.964490969
52,2009,1,Andhra Pradesh,Ananthapur,Rice,51.65,148.41,2.873378509
52,2010,1,Andhra Pradesh,Ananthapur,Rice,59.8,171.4,2.866220736
52,2011,1,Andhra Pradesh,Ananthapur,Rice,48.67,120.07,2.467022807
52,2012,1,Andhra Pradesh,Ananthapur,Rice,29.05,76.45,2.631669535
52,2013,1,Andhra Pradesh,Ananthapur,Rice,40.4,87.94,2.176732673
52,2014,1,Andhra Pradesh,Ananthapur,Rice,29.21,82.53,2.82540226
52,2015,1,Andhra Pradesh,Ananthapur,Rice,33.62,97.65,2.904521118
52,2016,1,Andhra Pradesh,Ananthapur,Rice,22.89,57.43,2.508955876
52,2017,1,Andhra Pradesh,Ananthapur,Rice,30.91,86.36,2.793917826
53,2000,1,Andhra Pradesh,Kadapa YSR,Rice,67.84,176.25,2.598024764
53,2001,1,Andhra Pradesh,Kadapa YSR,Rice,75.77,195.11,2.575029695
53,2002,1,Andhra Pradesh,Kadapa YSR,Rice,36,72,2
53,2003,1,Andhra Pradesh,Kadapa YSR,Rice,34.12,84.06,2.463657679
53,2004,1,Andhra Pradesh,Kadapa YSR,Rice,52.62,161.04,3.060433295
53,2005,1,Andhra Pradesh,Kadapa YSR,Rice,66.75,141.62,2.12164794
53,2006,1,Andhra Pradesh,Kadapa YSR,Rice,46.91,125.46,2.674483053
53,2007,1,Andhra Pradesh,Kadapa YSR,Rice,62.56,184.06,2.94213555
53,2008,1,Andhra Pradesh,Kadapa YSR,Rice,65.07,128.44,1.973874289
53,2009,1,Andhra Pradesh,Kadapa YSR,Rice,65.32,187.93,2.877066748
53,2010,1,Andhra Pradesh,Kadapa YSR,Rice,70.38,129.55,1.840721796
53,2011,1,Andhra Pradesh,Kadapa YSR,Rice,53.9,158.66,2.943599258
53,2012,1,Andhra Pradesh,Kadapa YSR,Rice,30.75,80.8,2.627642276
53,2013,1,Andhra Pradesh,Kadapa YSR,Rice,62.71,178.29,2.843087227
53,2014,1,Andhra Pradesh,Kadapa YSR,Rice,45.89,165.84,3.613859229
53,2015,1,Andhra Pradesh,Kadapa YSR,Rice,40.26,123.13,3.058370591
53,2016,1,Andhra Pradesh,Kadapa YSR,Rice,50.33,165.64,3.291078879
53,2017,1,Andhra Pradesh,Kadapa YSR,Rice,54.98,139.76,2.542015278
54,2000,1,Andhra Pradesh,Chittoor,Rice,75.22,186.42,2.478330231
54,2001,1,Andhra Pradesh,Chittoor,Rice,86.43,225.88,2.613444406
54,2002,1,Andhra Pradesh,Chittoor,Rice,50,127,2.54
54,2003,1,Andhra Pradesh,Chittoor,Rice,45.78,85.28,1.862822193
54,2004,1,Andhra Pradesh,Chittoor,Rice,44.88,112.51,2.506907308
54,2005,1,Andhra Pradesh,Chittoor,Rice,82.59,230.79,2.794406102
54,2006,1,Andhra Pradesh,Chittoor,Rice,46.21,127.62,2.761739883
54,2007,1,Andhra Pradesh,Chittoor,Rice,52.44,157.43,3.002097635
54,2008,1,Andhra Pradesh,Chittoor,Rice,55.52,164.88,2.969740634
54,2009,1,Andhra Pradesh,Chittoor,Rice,54.91,170.13,3.098342743
54,2010,1,Andhra Pradesh,Chittoor,Rice,61.58,185.14,3.006495615
54,2011,1,Andhra Pradesh,Chittoor,Rice,51.11,168.93,3.305224027
54,2012,1,Andhra Pradesh,Chittoor,Rice,47.51,171.41,3.607872027
54,2013,1,Andhra Pradesh,Chittoor,Rice,49.86,169.02,3.389891697
54,2014,1,Andhra Pradesh,Chittoor,Rice,40.97,132.42,3.232121064
54,2015,1,Andhra Pradesh,Chittoor,Rice,88.15,334.55,3.795235394
54,2016,1,Andhra Pradesh,Chittoor,Rice,46.7,170.2,3.644539615
54,2017,1,Andhra Pradesh,Chittoor,Rice,64.81,246.15,3.798024996
44,2000,1,Andhra Pradesh,Srikakulam,Wheat,0,0,0
44,2001,1,Andhra Pradesh,Srikakulam,Wheat,0,0,0
44,2002,1,Andhra Pradesh,Srikakulam,Wheat,0,0,0
44,2003,1,Andhra Pradesh,Srikakulam,Wheat,0,0,0
44,2004,1,Andhra Pradesh,Srikakulam,Wheat,0,0,0
44,2005,1,Andhra Pradesh,Srikakulam,Wheat,0,0,0
44,2006,1,Andhra Pradesh,Srikakulam,Wheat,0,0,0
44,2007,1,Andhra Pradesh,Srikakulam,Wheat,0,0,0
44,2008,1,Andhra Pradesh,Srikakulam,Wheat,0,0,0
44,2009,1,Andhra Pradesh,Srikakulam,Wheat,0,0,0
44,2010,1,Andhra Pradesh,Srikakulam,Wheat,0,0,0
44,2011,1,Andhra Pradesh,Srikakulam,Wheat,0,0,0
44,2012,1,Andhra Pradesh,Srikakulam,Wheat,0,0,0
44,2013,1,Andhra Pradesh,Srikakulam,Wheat,0,0,0
44,2014,1,Andhra Pradesh,Srikakulam,Wheat,0,0,0
44,2015,1,Andhra Pradesh,Srikakulam,Wheat,0,0,0
44,2016,1,Andhra Pradesh,Srikakulam,Wheat,0,0,0
44,2017,1,Andhra Pradesh,Srikakulam,Wheat,0,0,0
45,2000,1,Andhra Pradesh,Visakhapatnam,Wheat,0,0,0
45,2001,1,Andhra Pradesh,Visakhapatnam,Wheat,0,0,0
45,2002,1,Andhra Pradesh,Visakhapatnam,Wheat,0,0,0
45,2003,1,Andhra Pradesh,Visakhapatnam,Wheat,0,0,0
45,2004,1,Andhra Pradesh,Visakhapatnam,Wheat,0,0,0
45,2005,1,Andhra Pradesh,Visakhapatnam,Wheat,0,0,0
45,2006,1,Andhra Pradesh,Visakhapatnam,Wheat,0,0,0
45,2007,1,Andhra Pradesh,Visakhapatnam,Wheat,0,0,0
45,2008,1,Andhra Pradesh,Visakhapatnam,Wheat,0,0,0
45,2009,1,Andhra Pradesh,Visakhapatnam,Wheat,0,0,0
45,2010,1,Andhra Pradesh,Visakhapatnam,Wheat,0,0,0
45,2011,1,Andhra Pradesh,Visakhapatnam,Wheat,0,0,0
45,2012,1,Andhra Pradesh,Visakhapatnam,Wheat,0,0,0
45,2013,1,Andhra Pradesh,Visakhapatnam,Wheat,0,0,0
45,2014,1,Andhra Pradesh,Visakhapatnam,Wheat,0,0,0
45,2015,1,Andhra Pradesh,Visakhapatnam,Wheat,0,0,0
45,2016,1,Andhra Pradesh,Visakhapatnam,Wheat,0,0,0
45,2017,1,Andhra Pradesh,Visakhapatnam,Wheat,0,0,0
46,2000,1,Andhra Pradesh,East Godavari,Wheat,0,0,0
46,2001,1,Andhra Pradesh,East Godavari,Wheat,0,0,0
46,2002,1,Andhra Pradesh,East Godavari,Wheat,0,0,0
46,2003,1,Andhra Pradesh,East Godavari,Wheat,0,0,0
46,2004,1,Andhra Pradesh,East Godavari,Wheat,0,0,0
46,2005,1,Andhra Pradesh,East Godavari,Wheat,0,0,0
46,2006,1,Andhra Pradesh,East Godavari,Wheat,0,0,0
46,2007,1,Andhra Pradesh,East Godavari,Wheat,0,0,0
46,2008,1,Andhra Pradesh,East Godavari,Wheat,0,0,0
46,2009,1,Andhra Pradesh,East Godavari,Wheat,0,0,0
46,2010,1,Andhra Pradesh,East Godavari,Wheat,0,0,0
46,2011,1,Andhra Pradesh,East Godavari,Wheat,0,0,0
46,2012,1,Andhra Pradesh,East Godavari,Wheat,0,0,0
46,2013,1,Andhra Pradesh,East Godavari,Wheat,0,0,0
46,2014,1,Andhra Pradesh,East Godavari,Wheat,0,0,0
46,2015,1,Andhra Pradesh,East Godavari,Wheat,0,0,0
46,2016,1,Andhra Pradesh,East Godavari,Wheat,0,0,0
46,2017,1,Andhra Pradesh,East Godavari,Wheat,0,0,0
47,2000,1,Andhra Pradesh,West Godavari,Wheat,0,0,0
47,2001,1,Andhra Pradesh,West Godavari,Wheat,0,0,0
47,2002,1,Andhra Pradesh,West Godavari,Wheat,0,0,0
47,2003,1,Andhra Pradesh,West Godavari,Wheat,0,0,0
47,2004,1,Andhra Pradesh,West Godavari,Wheat,0,0,0
47,2005,1,Andhra Pradesh,West Godavari,Wheat,0,0,0
47,2006,1,Andhra Pradesh,West Godavari,Wheat,0,0,0
47,2007,1,Andhra Pradesh,West Godavari,Wheat,0,0,0
47,2008,1,Andhra Pradesh,West Godavari,Wheat,0,0,0
47,2009,1,Andhra Pradesh,West Godavari,Wheat,0,0,0
47,2010,1,Andhra Pradesh,West Godavari,Wheat,0,0,0
47,2011,1,Andhra Pradesh,West Godavari,Wheat,0,0,0
47,2012,1,Andhra Pradesh,West Godavari,Wheat,0,0,0
47,2013,1,Andhra Pradesh,West Godavari,Wheat,0,0,0
47,2014,1,Andhra Pradesh,West Godavari,Wheat,0,0,0
47,2015,1,Andhra Pradesh,West Godavari,Wheat,0,0,0
47,2016,1,Andhra Pradesh,West Godavari,Wheat,0,0,0
47,2017,1,Andhra Pradesh,West Godavari,Wheat,0.01,0.01,1
48,2000,1,Andhra Pradesh,Krishna,Wheat,0,0,0
48,2001,1,Andhra Pradesh,Krishna,Wheat,0,0,0
48,2002,1,Andhra Pradesh,Krishna,Wheat,0,0,0
48,2003,1,Andhra Pradesh,Krishna,Wheat,0,0,0
48,2004,1,Andhra Pradesh,Krishna,Wheat,0,0,0
48,2005,1,Andhra Pradesh,Krishna,Wheat,0,0,0
48,2006,1,Andhra Pradesh,Krishna,Wheat,0,0,0
48,2007,1,Andhra Pradesh,Krishna,Wheat,0,0,0
48,2008,1,Andhra Pradesh,Krishna,Wheat,0,0,0
48,2009,1,Andhra Pradesh,Krishna,Wheat,0,0,0
48,2010,1,Andhra Pradesh,Krishna,Wheat,0,0,0
48,2011,1,Andhra Pradesh,Krishna,Wheat,0,0,0
48,2012,1,Andhra Pradesh,Krishna,Wheat,0,0,0
48,2013,1,Andhra Pradesh,Krishna,Wheat,0,0,0
48,2014,1,Andhra Pradesh,Krishna,Wheat,0,0,0
48,2015,1,Andhra Pradesh,Krishna,Wheat,0,0,0
48,2016,1,Andhra Pradesh,Krishna,Wheat,0,0,0
48,2017,1,Andhra Pradesh,Krishna,Wheat,0,0,0
49,2000,1,Andhra Pradesh,Guntur,Wheat,0,0,0
49,2001,1,Andhra Pradesh,Guntur,Wheat,0.01,0,0
49,2002,1,Andhra Pradesh,Guntur,Wheat,0,0,0
49,2003,1,Andhra Pradesh,Guntur,Wheat,0,0,0
49,2004,1,Andhra Pradesh,Guntur,Wheat,0,0,0
49,2005,1,Andhra Pradesh,Guntur,Wheat,0,0,0
49,2006,1,Andhra Pradesh,Guntur,Wheat,0,0,0
49,2007,1,Andhra Pradesh,Guntur,Wheat,0,0,0
49,2008,1,Andhra Pradesh,Guntur,Wheat,0,0,0
49,2009,1,Andhra Pradesh,Guntur,Wheat,0,0,0
49,2010,1,Andhra Pradesh,Guntur,Wheat,0.04,0.06,1.5
49,2011,1,Andhra Pradesh,Guntur,Wheat,0,0,0
49,2012,1,Andhra Pradesh,Guntur,Wheat,0,0,0
49,2013,1,Andhra Pradesh,Guntur,Wheat,0,0,0
49,2014,1,Andhra Pradesh,Guntur,Wheat,0,0,0
49,2015,1,Andhra Pradesh,Guntur,Wheat,0,0,0
49,2016,1,Andhra Pradesh,Guntur,Wheat,0,0,0
49,2017,1,Andhra Pradesh,Guntur,Wheat,0,0,0
50,2000,1,Andhra Pradesh,S.P.S. Nellore,Wheat,0,0,0
50,2001,1,Andhra Pradesh,S.P.S. Nellore,Wheat,0.01,0,0
50,2002,1,Andhra Pradesh,S.P.S. Nellore,Wheat,0,0,0
50,2003,1,Andhra Pradesh,S.P.S. Nellore,Wheat,0,0,0
50,2004,1,Andhra Pradesh,S.P.S. Nellore,Wheat,0,0,0
50,2005,1,Andhra Pradesh,S.P.S. Nellore,Wheat,0,0,0
50,2006,1,Andhra Pradesh,S.P.S. Nellore,Wheat,0,0,0
50,2007,1,Andhra Pradesh,S.P.S. Nellore,Wheat,0,0,0
50,2008,1,Andhra Pradesh,S.P.S. Nellore,Wheat,0,0,0
50,2009,1,Andhra Pradesh,S.P.S. Nellore,Wheat,0,0,0
50,2010,1,Andhra Pradesh,S.P.S. Nellore,Wheat,0,0,0
50,2011,1,Andhra Pradesh,S.P.S. Nellore,Wheat,0,0,0
50,2012,1,Andhra Pradesh,S.P.S. Nellore,Wheat,0,0,0
50,2013,1,Andhra Pradesh,S.P.S. Nellore,Wheat,0,0,0
50,2014,1,Andhra Pradesh,S.P.S. Nellore,Wheat,0,0,0
50,2015,1,Andhra Pradesh,S.P.S. Nellore,Wheat,0,0,0
50,2016,1,Andhra Pradesh,S.P.S. Nellore,Wheat,0,0,0
50,2017,1,Andhra Pradesh,S.P.S. Nellore,Wheat,0,0,0
51,2000,1,Andhra Pradesh,Kurnool,Wheat,0.85,0.48,0.564705882
51,2001,1,Andhra Pradesh,Kurnool,Wheat,1.26,0.88,0.698412698
51,2002,1,Andhra Pradesh,Kurnool,Wheat,1,1,1
51,2003,1,Andhra Pradesh,Kurnool,Wheat,0.69,0.21,0.304347826
51,2004,1,Andhra Pradesh,Kurnool,Wheat,0.39,0.09,0.230769231
51,2005,1,Andhra Pradesh,Kurnool,Wheat,0.71,0.42,0.591549296
51,2006,1,Andhra Pradesh,Kurnool,Wheat,0.67,0.18,0.268656716
51,2007,1,Andhra Pradesh,Kurnool,Wheat,0.58,0.2,0.344827586
51,2008,1,Andhra Pradesh,Kurnool,Wheat,0.75,0.41,0.546666667
51,2009,1,Andhra Pradesh,Kurnool,Wheat,0.55,0.25,0.454545455
51,2010,1,Andhra Pradesh,Kurnool,Wheat,0.56,0.81,1.446428571
51,2011,1,Andhra Pradesh,Kurnool,Wheat,0.22,0.24,1.090909091
51,2012,1,Andhra Pradesh,Kurnool,Wheat,0.31,0.42,1.35483871
51,2013,1,Andhra Pradesh,Kurnool,Wheat,0.27,0.2,0.740740741
51,2014,1,Andhra Pradesh,Kurnool,Wheat,0.05,0.06,1.2
51,2015,1,Andhra Pradesh,Kurnool,Wheat,0.14,0.1,0.714285714
51,2016,1,Andhra Pradesh,Kurnool,Wheat,0.03,0.07,2.333333333
51,2017,1,Andhra Pradesh,Kurnool,Wheat,0.02,0.01,0.5
52,2000,1,Andhra Pradesh,Ananthapur,Wheat,0.52,0.3,0.576923077
52,2001,1,Andhra Pradesh,Ananthapur,Wheat,0.31,0.21,0.677419355
52,2002,1,Andhra Pradesh,Ananthapur,Wheat,0,1,0
52,2003,1,Andhra Pradesh,Ananthapur,Wheat,0.41,0.12,0.292682927
52,2004,1,Andhra Pradesh,Ananthapur,Wheat,0.39,0.09,0.230769231
52,2005,1,Andhra Pradesh,Ananthapur,Wheat,0.3,0.18,0.6
52,2006,1,Andhra Pradesh,Ananthapur,Wheat,0.19,0.05,0.263157895
52,2007,1,Andhra Pradesh,Ananthapur,Wheat,0.28,0.1,0.357142857
52,2008,1,Andhra Pradesh,Ananthapur,Wheat,0.16,0.22,1.375
52,2009,1,Andhra Pradesh,Ananthapur,Wheat,0.18,0.1,0.555555556
52,2010,1,Andhra Pradesh,Ananthapur,Wheat,0.13,0.17,1.307692308
52,2011,1,Andhra Pradesh,Ananthapur,Wheat,0.08,0.1,1.25
52,2012,1,Andhra Pradesh,Ananthapur,Wheat,0.13,0.15,1.153846154
52,2013,1,Andhra Pradesh,Ananthapur,Wheat,0.06,0.04,0.666666667
52,2014,1,Andhra Pradesh,Ananthapur,Wheat,0,0,0
52,2015,1,Andhra Pradesh,Ananthapur,Wheat,0.02,0.01,0.5
52,2016,1,Andhra Pradesh,Ananthapur,Wheat,0,0,0
52,2017,1,Andhra Pradesh,Ananthapur,Wheat,0.01,0.01,1
53,2000,1,Andhra Pradesh,Kadapa YSR,Wheat,0.12,0.07,0.583333333
53,2001,1,Andhra Pradesh,Kadapa YSR,Wheat,0.04,0.03,0.75
53,2002,1,Andhra Pradesh,Kadapa YSR,Wheat,0,0,0
53,2003,1,Andhra Pradesh,Kadapa YSR,Wheat,0.04,0.01,0.25
53,2004,1,Andhra Pradesh,Kadapa YSR,Wheat,0,0,0
53,2005,1,Andhra Pradesh,Kadapa YSR,Wheat,0.08,0.05,0.625
53,2006,1,Andhra Pradesh,Kadapa YSR,Wheat,0.03,0.01,0.333333333
53,2007,1,Andhra Pradesh,Kadapa YSR,Wheat,0.06,0.02,0.333333333
53,2008,1,Andhra Pradesh,Kadapa YSR,Wheat,0.12,0.08,0.666666667
53,2009,1,Andhra Pradesh,Kadapa YSR,Wheat,0.06,0.08,1.333333333
53,2010,1,Andhra Pradesh,Kadapa YSR,Wheat,0.02,0.03,1.5
53,2011,1,Andhra Pradesh,Kadapa YSR,Wheat,0.02,0.02,1
53,2012,1,Andhra Pradesh,Kadapa YSR,Wheat,0,0,0
53,2013,1,Andhra Pradesh,Kadapa YSR,Wheat,0.01,0.01,1
53,2014,1,Andhra Pradesh,Kadapa YSR,Wheat,0.27,0.2,0.740740741
53,2015,1,Andhra Pradesh,Kadapa YSR,Wheat,0,0,0
53,2016,1,Andhra Pradesh,Kadapa YSR,Wheat,0,0,0
53,2017,1,Andhra Pradesh,Kadapa YSR,Wheat,0.01,0.01,1
54,2000,1,Andhra Pradesh,Chittoor,Wheat,0.01,0,0
54,2001,1,Andhra Pradesh,Chittoor,Wheat,0,0,0
54,2002,1,Andhra Pradesh,Chittoor,Wheat,0,0,0
54,2003,1,Andhra Pradesh,Chittoor,Wheat,0.01,0,0
54,2004,1,Andhra Pradesh,Chittoor,Wheat,0,0,0
54,2005,1,Andhra Pradesh,Chittoor,Wheat,0,0,0
54,2006,1,Andhra Pradesh,Chittoor,Wheat,0,0,0
54,2007,1,Andhra Pradesh,Chittoor,Wheat,0,0,0
54,2008,1,Andhra Pradesh,Chittoor,Wheat,0,0,0
54,2009,1,Andhra Pradesh,Chittoor,Wheat,0,0,0
54,2010,1,Andhra Pradesh,Chittoor,Wheat,0,0,0
54,2011,1,Andhra Pradesh,Chittoor,Wheat,0,0,0
54,2012,1,Andhra Pradesh,Chittoor,Wheat,0,0,0
54,2013,1,Andhra Pradesh,Chittoor,Wheat,0,0,0
54,2014,1,Andhra Pradesh,Chittoor,Wheat,0,0,0
54,2015,1,Andhra Pradesh,Chittoor,Wheat,0,0,0
54,2016,1,Andhra Pradesh,Chittoor,Wheat,0,0,0
54,2017,1,Andhra Pradesh,Chittoor,Wheat,0,0,0
44,2000,1,Andhra Pradesh,Srikakulam,Maize,1.89,7.49,3.962962963
44,2001,1,Andhra Pradesh,Srikakulam,Maize,2.77,14.22,5.133574007
44,2002,1,Andhra Pradesh,Srikakulam,Maize,3,15,5
44,2003,1,Andhra Pradesh,Srikakulam,Maize,7.83,28.48,3.637292465
44,2004,1,Andhra Pradesh,Srikakulam,Maize,6.18,26.66,4.313915858
44,2005,1,Andhra Pradesh,Srikakulam,Maize,7.11,31.75,4.465541491
44,2006,1,Andhra Pradesh,Srikakulam,Maize,8.81,34.34,3.89784336
44,2007,1,Andhra Pradesh,Srikakulam,Maize,8.4,40.49,4.820238095
44,2008,1,Andhra Pradesh,Srikakulam,Maize,11.2,48.43,4.324107143
44,2009,1,Andhra Pradesh,Srikakulam,Maize,13.56,60.15,4.435840708
44,2010,1,Andhra Pradesh,Srikakulam,Maize,16.88,84.44,5.002369668
44,2011,1,Andhra Pradesh,Srikakulam,Maize,21.73,109.59,5.043258168
44,2012,1,Andhra Pradesh,Srikakulam,Maize,20.81,101.29,4.867371456
44,2013,1,Andhra Pradesh,Srikakulam,Maize,25.07,118.67,4.733546071
44,2014,1,Andhra Pradesh,Srikakulam,Maize,30.35,161.63,5.32553542
44,2015,1,Andhra Pradesh,Srikakulam,Maize,33.4,167.38,5.011377246
44,2016,1,Andhra Pradesh,Srikakulam,Maize,34.56,171.49,4.962094907
44,2017,1,Andhra Pradesh,Srikakulam,Maize,51.91,279.5,5.384319014
45,2000,1,Andhra Pradesh,Visakhapatnam,Maize,9.26,18.63,2.01187905
45,2001,1,Andhra Pradesh,Visakhapatnam,Maize,10.29,27.11,2.634596696
45,2002,1,Andhra Pradesh,Visakhapatnam,Maize,10,30,3
45,2003,1,Andhra Pradesh,Visakhapatnam,Maize,14.11,41.86,2.966690291
45,2004,1,Andhra Pradesh,Visakhapatnam,Maize,12.54,40.24,3.208931419
45,2005,1,Andhra Pradesh,Visakhapatnam,Maize,12.83,41.36,3.223694466
45,2006,1,Andhra Pradesh,Visakhapatnam,Maize,14.32,40.92,2.857541899
45,2007,1,Andhra Pradesh,Visakhapatnam,Maize,13.47,43.41,3.222717149
45,2008,1,Andhra Pradesh,Visakhapatnam,Maize,15.56,49.36,3.172236504
45,2009,1,Andhra Pradesh,Visakhapatnam,Maize,15.72,53.84,3.424936387
45,2010,1,Andhra Pradesh,Visakhapatnam,Maize,16.26,52.94,3.255842558
45,2011,1,Andhra Pradesh,Visakhapatnam,Maize,17.8,79.66,4.475280899
45,2012,1,Andhra Pradesh,Visakhapatnam,Maize,17.52,68.12,3.888127854
45,2013,1,Andhra Pradesh,Visakhapatnam,Maize,21.57,80.4,3.727399166
45,2014,1,Andhra Pradesh,Visakhapatnam,Maize,22.67,98.61,4.3498015
45,2015,1,Andhra Pradesh,Visakhapatnam,Maize,23.3,111.72,4.794849785
45,2016,1,Andhra Pradesh,Visakhapatnam,Maize,24.64,118.74,4.818993506
45,2017,1,Andhra Pradesh,Visakhapatnam,Maize,25.82,145.24,5.625096824
46,2000,1,Andhra Pradesh,East Godavari,Maize,5.51,25.78,4.67876588
46,2001,1,Andhra Pradesh,East Godavari,Maize,3.8,20.03,5.271052632
46,2002,1,Andhra Pradesh,East Godavari,Maize,7,43,6.142857143
46,2003,1,Andhra Pradesh,East Godavari,Maize,8.51,39.43,4.633372503
46,2004,1,Andhra Pradesh,East Godavari,Maize,7.98,46.64,5.844611529
46,2005,1,Andhra Pradesh,East Godavari,Maize,9.6,65.66,6.839583333
46,2006,1,Andhra Pradesh,East Godavari,Maize,7.93,66.62,8.401008827
46,2007,1,Andhra Pradesh,East Godavari,Maize,7.94,55.21,6.953400504
46,2008,1,Andhra Pradesh,East Godavari,Maize,8.18,54.26,6.633251834
46,2009,1,Andhra Pradesh,East Godavari,Maize,8.99,63.37,7.04894327
46,2010,1,Andhra Pradesh,East Godavari,Maize,7.93,56.1,7.074401009
46,2011,1,Andhra Pradesh,East Godavari,Maize,8.54,55.74,6.526932084
46,2012,1,Andhra Pradesh,East Godavari,Maize,9.98,73.6,7.374749499
46,2013,1,Andhra Pradesh,East Godavari,Maize,11.2,93.72,8.367857143
46,2014,1,Andhra Pradesh,East Godavari,Maize,12.91,100.76,7.804802479
46,2015,1,Andhra Pradesh,East Godavari,Maize,11.12,103.79,9.333633094
46,2016,1,Andhra Pradesh,East Godavari,Maize,10.22,86.65,8.478473581
46,2017,1,Andhra Pradesh,East Godavari,Maize,11.8,111.51,9.45
47,2000,1,Andhra Pradesh,West Godavari,Maize,18.69,94.14,5.036918138
47,2001,1,Andhra Pradesh,West Godavari,Maize,13.48,83.96,6.228486647
47,2002,1,Andhra Pradesh,West Godavari,Maize,18,121,6.722222222
47,2003,1,Andhra Pradesh,West Godavari,Maize,27.82,148.22,5.327821711
47,2004,1,Andhra Pradesh,West Godavari,Maize,23.66,141.33,5.973372781
47,2005,1,Andhra Pradesh,West Godavari,Maize,29.12,163.64,5.619505495
47,2006,1,Andhra Pradesh,West Godavari,Maize,30.45,204.75,6.724137931
47,2007,1,Andhra Pradesh,West Godavari,Maize,35.91,243.98,6.794207742
47,2008,1,Andhra Pradesh,West Godavari,Maize,48.1,378.6,7.871101871
47,2009,1,Andhra Pradesh,West Godavari,Maize,46.88,322.41,6.877346416
47,2010,1,Andhra Pradesh,West Godavari,Maize,44.68,307.66,6.885854969
47,2011,1,Andhra Pradesh,West Godavari,Maize,48.36,324.64,6.712985939
47,2012,1,Andhra Pradesh,West Godavari,Maize,52.87,316.88,5.993569132
47,2013,1,Andhra Pradesh,West Godavari,Maize,53.87,381.73,7.086133284
47,2014,1,Andhra Pradesh,West Godavari,Maize,55.27,369.89,6.692419034
47,2015,1,Andhra Pradesh,West Godavari,Maize,56.37,396.66,7.03672166
47,2016,1,Andhra Pradesh,West Godavari,Maize,58.3,502.79,8.624185249
47,2017,1,Andhra Pradesh,West Godavari,Maize,59.43,427.36,7.190980986
48,2000,1,Andhra Pradesh,Krishna,Maize,10.38,35.41,3.411368015
48,2001,1,Andhra Pradesh,Krishna,Maize,7.22,29.58,4.096952909
48,2002,1,Andhra Pradesh,Krishna,Maize,10,35,3.5
48,2003,1,Andhra Pradesh,Krishna,Maize,12.2,42.79,3.507377049
48,2004,1,Andhra Pradesh,Krishna,Maize,13.4,80.64,6.017910448
48,2005,1,Andhra Pradesh,Krishna,Maize,13.47,75.96,5.639198218
48,2006,1,Andhra Pradesh,Krishna,Maize,11.1,80.06,7.212612613
48,2007,1,Andhra Pradesh,Krishna,Maize,17.28,125.26,7.248842593
48,2008,1,Andhra Pradesh,Krishna,Maize,29.32,230.37,7.857094134
48,2009,1,Andhra Pradesh,Krishna,Maize,20.42,156.02,7.640548482
48,2010,1,Andhra Pradesh,Krishna,Maize,19.22,154.11,8.018210198
48,2011,1,Andhra Pradesh,Krishna,Maize,24.69,164.91,6.679222357
48,2012,1,Andhra Pradesh,Krishna,Maize,26.23,176.61,6.733130004
48,2013,1,Andhra Pradesh,Krishna,Maize,32.88,227.52,6.919708029
48,2014,1,Andhra Pradesh,Krishna,Maize,25.63,161.48,6.300429185
48,2015,1,Andhra Pradesh,Krishna,Maize,19.63,114.14,5.814569536
48,2016,1,Andhra Pradesh,Krishna,Maize,20.09,134.91,6.715281234
48,2017,1,Andhra Pradesh,Krishna,Maize,28.83,189.85,6.585154353
49,2000,1,Andhra Pradesh,Guntur,Maize,16.83,65.2,3.874034462
49,2001,1,Andhra Pradesh,Guntur,Maize,11.12,56.37,5.069244604
49,2002,1,Andhra Pradesh,Guntur,Maize,12.14,52.52,4.326194399
49,2003,1,Andhra Pradesh,Guntur,Maize,31.53,145.96,4.629241992
49,2004,1,Andhra Pradesh,Guntur,Maize,39.82,298,7.483676544
49,2005,1,Andhra Pradesh,Guntur,Maize,26.94,256.54,9.52264291
49,2006,1,Andhra Pradesh,Guntur,Maize,36.74,292.36,7.957539467
49,2007,1,Andhra Pradesh,Guntur,Maize,60.93,531.19,8.718037092
49,2008,1,Andhra Pradesh,Guntur,Maize,99.61,970.21,9.740086337
49,2009,1,Andhra Pradesh,Guntur,Maize,72.01,553.5,7.68643244
49,2010,1,Andhra Pradesh,Guntur,Maize,84.49,939.5,11.11965913
49,2011,1,Andhra Pradesh,Guntur,Maize,77.99,677.75,8.690216694
49,2012,1,Andhra Pradesh,Guntur,Maize,92.99,728.67,7.836003871
49,2013,1,Andhra Pradesh,Guntur,Maize,97.7,728.45,7.455987718
49,2014,1,Andhra Pradesh,Guntur,Maize,71.92,672.64,9.352614016
49,2015,1,Andhra Pradesh,Guntur,Maize,36.55,316.21,8.651436389
49,2016,1,Andhra Pradesh,Guntur,Maize,38.59,337.86,8.755117906
49,2017,1,Andhra Pradesh,Guntur,Maize,66.4,674.81,10.1628012
50,2000,1,Andhra Pradesh,S.P.S. Nellore,Maize,6.13,24.01,3.91680261
50,2001,1,Andhra Pradesh,S.P.S. Nellore,Maize,3.57,17.84,4.99719888
50,2002,1,Andhra Pradesh,S.P.S. Nellore,Maize,3.42,4.56,1.333333333
50,2003,1,Andhra Pradesh,S.P.S. Nellore,Maize,3.9,8.96,2.297435897
50,2004,1,Andhra Pradesh,S.P.S. Nellore,Maize,3.6,8.62,2.394444444
50,2005,1,Andhra Pradesh,S.P.S. Nellore,Maize,2.36,11.72,4.966101695
50,2006,1,Andhra Pradesh,S.P.S. Nellore,Maize,1.48,8.47,5.722972973
50,2007,1,Andhra Pradesh,S.P.S. Nellore,Maize,2.08,12.29,5.908653846
50,2008,1,Andhra Pradesh,S.P.S. Nellore,Maize,3.38,19.1,5.650887574
50,2009,1,Andhra Pradesh,S.P.S. Nellore,Maize,3.04,23.41,7.700657895
50,2010,1,Andhra Pradesh,S.P.S. Nellore,Maize,3.98,33.13,8.324120603
50,2011,1,Andhra Pradesh,S.P.S. Nellore,Maize,6.58,49.46,7.516717325
50,2012,1,Andhra Pradesh,S.P.S. Nellore,Maize,9.57,60.7,6.342737722
50,2013,1,Andhra Pradesh,S.P.S. Nellore,Maize,10.7,79.32,7.413084112
50,2014,1,Andhra Pradesh,S.P.S. Nellore,Maize,7.31,55.87,7.642954856
50,2015,1,Andhra Pradesh,S.P.S. Nellore,Maize,4.61,27,5.856832972
50,2016,1,Andhra Pradesh,S.P.S. Nellore,Maize,3.83,25.77,6.72845953
50,2017,1,Andhra Pradesh,S.P.S. Nellore,Maize,7.69,49.13,6.388816645
51,2000,1,Andhra Pradesh,Kurnool,Maize,5.25,17.24,3.283809524
51,2001,1,Andhra Pradesh,Kurnool,Maize,2.38,10.35,4.348739496
51,2002,1,Andhra Pradesh,Kurnool,Maize,4.44,7.92,1.783783784
51,2003,1,Andhra Pradesh,Kurnool,Maize,6.65,18.16,2.730827068
51,2004,1,Andhra Pradesh,Kurnool,Maize,9.5,29.87,3.144210526
51,2005,1,Andhra Pradesh,Kurnool,Maize,10.08,63.09,6.258928571
51,2006,1,Andhra Pradesh,Kurnool,Maize,14.28,56.26,3.93977591
51,2007,1,Andhra Pradesh,Kurnool,Maize,20.47,123.03,6.010258915
51,2008,1,Andhra Pradesh,Kurnool,Maize,22.46,127.31,5.668299199
51,2009,1,Andhra Pradesh,Kurnool,Maize,15.95,67.24,4.215673981
51,2010,1,Andhra Pradesh,Kurnool,Maize,21.58,141.05,6.536144578
51,2011,1,Andhra Pradesh,Kurnool,Maize,31.67,170.15,5.372592359
51,2012,1,Andhra Pradesh,Kurnool,Maize,45.73,245.58,5.370216488
51,2013,1,Andhra Pradesh,Kurnool,Maize,55.58,338.03,6.08186398
51,2014,1,Andhra Pradesh,Kurnool,Maize,48.9,207.07,4.234560327
51,2015,1,Andhra Pradesh,Kurnool,Maize,25.12,105.18,4.187101911
51,2016,1,Andhra Pradesh,Kurnool,Maize,36.98,203.96,5.515413737
51,2017,1,Andhra Pradesh,Kurnool,Maize,55.51,304.71,5.489281211
52,2000,1,Andhra Pradesh,Ananthapur,Maize,3.87,11.2,2.894056848
52,2001,1,Andhra Pradesh,Ananthapur,Maize,3.11,10.02,3.221864952
52,2002,1,Andhra Pradesh,Ananthapur,Maize,6,12,2
52,2003,1,Andhra Pradesh,Ananthapur,Maize,7.46,17.51,2.347184987
52,2004,1,Andhra Pradesh,Ananthapur,Maize,7.07,35.85,5.070721358
52,2005,1,Andhra Pradesh,Ananthapur,Maize,7.39,32.26,4.365358593
52,2006,1,Andhra Pradesh,Ananthapur,Maize,8,43.82,5.4775
52,2007,1,Andhra Pradesh,Ananthapur,Maize,13.49,79.7,5.908080059
52,2008,1,Andhra Pradesh,Ananthapur,Maize,9.7,53.2,5.484536082
52,2009,1,Andhra Pradesh,Ananthapur,Maize,13.47,77.66,5.765404603
52,2010,1,Andhra Pradesh,Ananthapur,Maize,15.48,94.48,6.103359173
52,2011,1,Andhra Pradesh,Ananthapur,Maize,31.66,111.63,3.52590019
52,2012,1,Andhra Pradesh,Ananthapur,Maize,29.11,113.61,3.902782549
52,2013,1,Andhra Pradesh,Ananthapur,Maize,34.86,111.2,3.189902467
52,2014,1,Andhra Pradesh,Ananthapur,Maize,21.31,74.31,3.48709526
52,2015,1,Andhra Pradesh,Ananthapur,Maize,17.84,55.67,3.120515695
52,2016,1,Andhra Pradesh,Ananthapur,Maize,18.31,48.08,2.625887493
52,2017,1,Andhra Pradesh,Ananthapur,Maize,23.27,91.58,3.935539321
53,2000,1,Andhra Pradesh,Kadapa YSR,Maize,0.16,0.55,3.4375
53,2001,1,Andhra Pradesh,Kadapa YSR,Maize,0.08,0.34,4.25
53,2002,1,Andhra Pradesh,Kadapa YSR,Maize,0,0,0
53,2003,1,Andhra Pradesh,Kadapa YSR,Maize,0.07,0.14,2
53,2004,1,Andhra Pradesh,Kadapa YSR,Maize,0.13,0.36,2.769230769
53,2005,1,Andhra Pradesh,Kadapa YSR,Maize,0.16,0.81,5.0625
53,2006,1,Andhra Pradesh,Kadapa YSR,Maize,0.16,0.7,4.375
53,2007,1,Andhra Pradesh,Kadapa YSR,Maize,0.19,1.33,7
53,2008,1,Andhra Pradesh,Kadapa YSR,Maize,2.02,15.25,7.54950495
53,2009,1,Andhra Pradesh,Kadapa YSR,Maize,1.4,8.21,5.864285714
53,2010,1,Andhra Pradesh,Kadapa YSR,Maize,1.41,11.18,7.929078014
53,2011,1,Andhra Pradesh,Kadapa YSR,Maize,1.59,9.77,6.144654088
53,2012,1,Andhra Pradesh,Kadapa YSR,Maize,2.7,17.61,6.522222222
53,2013,1,Andhra Pradesh,Kadapa YSR,Maize,5.49,37.07,6.752276867
53,2014,1,Andhra Pradesh,Kadapa YSR,Maize,3.35,20.58,6.143283582
53,2015,1,Andhra Pradesh,Kadapa YSR,Maize,1.55,2.55,1.64516129
53,2016,1,Andhra Pradesh,Kadapa YSR,Maize,2.74,14.14,5.160583942
53,2017,1,Andhra Pradesh,Kadapa YSR,Maize,3.37,38.35,11.37982196
54,2000,1,Andhra Pradesh,Chittoor,Maize,0.41,1.23,3
54,2001,1,Andhra Pradesh,Chittoor,Maize,0.38,1.31,3.447368421
54,2002,1,Andhra Pradesh,Chittoor,Maize,1,2,2
54,2003,1,Andhra Pradesh,Chittoor,Maize,1.13,3.47,3.07079646
54,2004,1,Andhra Pradesh,Chittoor,Maize,0.86,4.02,4.674418605
54,2005,1,Andhra Pradesh,Chittoor,Maize,0.77,4.81,6.246753247
54,2006,1,Andhra Pradesh,Chittoor,Maize,1.17,7.35,6.282051282
54,2007,1,Andhra Pradesh,Chittoor,Maize,1.06,7.02,6.622641509
54,2008,1,Andhra Pradesh,Chittoor,Maize,1.8,12.39,6.883333333
54,2009,1,Andhra Pradesh,Chittoor,Maize,1.94,9.38,4.835051546
54,2010,1,Andhra Pradesh,Chittoor,Maize,1.51,9.88,6.543046358
54,2011,1,Andhra Pradesh,Chittoor,Maize,1.81,9.89,5.464088398
54,2012,1,Andhra Pradesh,Chittoor,Maize,1.63,8.25,5.061349693
54,2013,1,Andhra Pradesh,Chittoor,Maize,3.21,17.4,5.420560748
54,2014,1,Andhra Pradesh,Chittoor,Maize,3.68,15.25,4.144021739
54,2015,1,Andhra Pradesh,Chittoor,Maize,3.16,11.39,3.60443038
54,2016,1,Andhra Pradesh,Chittoor,Maize,2.03,8.52,4.197044335
54,2017,1,Andhra Pradesh,Chittoor,Maize,2.5,13.86,5.544
44,2000,1,Andhra Pradesh,Srikakulam,Chickpea,0.04,0.09,2.25
44,2001,1,Andhra Pradesh,Srikakulam,Chickpea,0.03,0.05,1.666666667
44,2002,1,Andhra Pradesh,Srikakulam,Chickpea,0,0,0
44,2003,1,Andhra Pradesh,Srikakulam,Chickpea,0.09,0.16,1.777777778
44,2004,1,Andhra Pradesh,Srikakulam,Chickpea,0.05,0.08,1.6
44,2005,1,Andhra Pradesh,Srikakulam,Chickpea,0.05,0.09,1.8
44,2006,1,Andhra Pradesh,Srikakulam,Chickpea,0.11,0.19,1.727272727
44,2007,1,Andhra Pradesh,Srikakulam,Chickpea,0.07,0.09,1.285714286
44,2008,1,Andhra Pradesh,Srikakulam,Chickpea,0.12,0.22,1.833333333
44,2009,1,Andhra Pradesh,Srikakulam,Chickpea,0.14,0.22,1.571428571
44,2010,1,Andhra Pradesh,Srikakulam,Chickpea,0.11,0.19,1.727272727
44,2011,1,Andhra Pradesh,Srikakulam,Chickpea,0.13,0.19,1.461538462
44,2012,1,Andhra Pradesh,Srikakulam,Chickpea,0.14,0.25,1.785714286
44,2013,1,Andhra Pradesh,Srikakulam,Chickpea,0.26,0.5,1.923076923
44,2014,1,Andhra Pradesh,Srikakulam,Chickpea,0.12,0.22,1.833333333
44,2015,1,Andhra Pradesh,Srikakulam,Chickpea,0.06,0.12,2
44,2016,1,Andhra Pradesh,Srikakulam,Chickpea,0.06,0.1,1.666666667
44,2017,1,Andhra Pradesh,Srikakulam,Chickpea,0.06,0.08,1.333333333
45,2000,1,Andhra Pradesh,Visakhapatnam,Chickpea,0.06,0.14,2.333333333
45,2001,1,Andhra Pradesh,Visakhapatnam,Chickpea,0.13,0.24,1.846153846
45,2002,1,Andhra Pradesh,Visakhapatnam,Chickpea,0,0,0
45,2003,1,Andhra Pradesh,Visakhapatnam,Chickpea,0.31,0.55,1.774193548
45,2004,1,Andhra Pradesh,Visakhapatnam,Chickpea,0.11,0.18,1.636363636
45,2005,1,Andhra Pradesh,Visakhapatnam,Chickpea,0.08,0.15,1.875
45,2006,1,Andhra Pradesh,Visakhapatnam,Chickpea,0.12,0.22,1.833333333
45,2007,1,Andhra Pradesh,Visakhapatnam,Chickpea,0.13,0.16,1.230769231
45,2008,1,Andhra Pradesh,Visakhapatnam,Chickpea,0.16,0.29,1.8125
45,2009,1,Andhra Pradesh,Visakhapatnam,Chickpea,0.18,0.29,1.611111111
45,2010,1,Andhra Pradesh,Visakhapatnam,Chickpea,0.18,0.3,1.666666667
45,2011,1,Andhra Pradesh,Visakhapatnam,Chickpea,0.2,0.29,1.45
45,2012,1,Andhra Pradesh,Visakhapatnam,Chickpea,0.16,0.31,1.9375
45,2013,1,Andhra Pradesh,Visakhapatnam,Chickpea,0.34,0.66,1.941176471
45,2014,1,Andhra Pradesh,Visakhapatnam,Chickpea,0.21,0.39,1.857142857
45,2015,1,Andhra Pradesh,Visakhapatnam,Chickpea,0.16,0.3,1.875
45,2016,1,Andhra Pradesh,Visakhapatnam,Chickpea,0.11,0.17,1.545454545
45,2017,1,Andhra Pradesh,Visakhapatnam,Chickpea,0.13,0.19,1.461538462
46,2000,1,Andhra Pradesh,East Godavari,Chickpea,0.01,0.02,2
46,2001,1,Andhra Pradesh,East Godavari,Chickpea,0.03,0.05,1.666666667
46,2002,1,Andhra Pradesh,East Godavari,Chickpea,0,0,0
46,2003,1,Andhra Pradesh,East Godavari,Chickpea,0.01,0.01,1
46,2004,1,Andhra Pradesh,East Godavari,Chickpea,0.01,0.01,1
46,2005,1,Andhra Pradesh,East Godavari,Chickpea,0.01,0.03,3
46,2006,1,Andhra Pradesh,East Godavari,Chickpea,0.17,0.32,1.882352941
46,2007,1,Andhra Pradesh,East Godavari,Chickpea,0.63,0.81,1.285714286
46,2008,1,Andhra Pradesh,East Godavari,Chickpea,0.73,1.27,1.739726027
46,2009,1,Andhra Pradesh,East Godavari,Chickpea,0.5,0.82,1.64
46,2010,1,Andhra Pradesh,East Godavari,Chickpea,0.32,0.53,1.65625
46,2011,1,Andhra Pradesh,East Godavari,Chickpea,0.09,0.14,1.555555556
46,2012,1,Andhra Pradesh,East Godavari,Chickpea,0.12,0.23,1.916666667
46,2013,1,Andhra Pradesh,East Godavari,Chickpea,0.13,0.26,2
46,2014,1,Andhra Pradesh,East Godavari,Chickpea,0.1,0.19,1.9
46,2015,1,Andhra Pradesh,East Godavari,Chickpea,0.22,0.41,1.863636364
46,2016,1,Andhra Pradesh,East Godavari,Chickpea,1.5,2.26,1.506666667
46,2017,1,Andhra Pradesh,East Godavari,Chickpea,1.81,2.59,1.430939227
47,2000,1,Andhra Pradesh,West Godavari,Chickpea,0.01,0.01,1
47,2001,1,Andhra Pradesh,West Godavari,Chickpea,0.01,0.01,1
47,2002,1,Andhra Pradesh,West Godavari,Chickpea,0,0,0
47,2003,1,Andhra Pradesh,West Godavari,Chickpea,0,0,0
47,2004,1,Andhra Pradesh,West Godavari,Chickpea,0,0,0
47,2005,1,Andhra Pradesh,West Godavari,Chickpea,0,0,0
47,2006,1,Andhra Pradesh,West Godavari,Chickpea,0,0,0
47,2007,1,Andhra Pradesh,West Godavari,Chickpea,0,0,0
47,2008,1,Andhra Pradesh,West Godavari,Chickpea,0,0,0
47,2009,1,Andhra Pradesh,West Godavari,Chickpea,0.2,0.33,1.65
47,2010,1,Andhra Pradesh,West Godavari,Chickpea,0,0,0
47,2011,1,Andhra Pradesh,West Godavari,Chickpea,0,0,0
47,2012,1,Andhra Pradesh,West Godavari,Chickpea,0,0,0
47,2013,1,Andhra Pradesh,West Godavari,Chickpea,0,0,0
47,2014,1,Andhra Pradesh,West Godavari,Chickpea,0.04,0.09,2.25
47,2015,1,Andhra Pradesh,West Godavari,Chickpea,0.03,0.05,1.666666667
47,2016,1,Andhra Pradesh,West Godavari,Chickpea,0,0.01,0
47,2017,1,Andhra Pradesh,West Godavari,Chickpea,0.03,0.05,1.666666667
48,2000,1,Andhra Pradesh,Krishna,Chickpea,0,0.01,0
48,2001,1,Andhra Pradesh,Krishna,Chickpea,0.03,0.06,2
48,2002,1,Andhra Pradesh,Krishna,Chickpea,0,0,0
48,2003,1,Andhra Pradesh,Krishna,Chickpea,0.16,0.28,1.75
48,2004,1,Andhra Pradesh,Krishna,Chickpea,0.59,0.9,1.525423729
48,2005,1,Andhra Pradesh,Krishna,Chickpea,0.04,0.08,2
48,2006,1,Andhra Pradesh,Krishna,Chickpea,0.32,0.61,1.90625
48,2007,1,Andhra Pradesh,Krishna,Chickpea,1.24,1.59,1.282258065
48,2008,1,Andhra Pradesh,Krishna,Chickpea,0.93,1.62,1.741935484
48,2009,1,Andhra Pradesh,Krishna,Chickpea,0.89,1.46,1.640449438
48,2010,1,Andhra Pradesh,Krishna,Chickpea,0.81,1.35,1.666666667
48,2011,1,Andhra Pradesh,Krishna,Chickpea,1.28,1.94,1.515625
48,2012,1,Andhra Pradesh,Krishna,Chickpea,1.91,3.46,1.811518325
48,2013,1,Andhra Pradesh,Krishna,Chickpea,1.07,2.07,1.934579439
48,2014,1,Andhra Pradesh,Krishna,Chickpea,0.77,1.49,1.935064935
48,2015,1,Andhra Pradesh,Krishna,Chickpea,1.24,2.57,2.072580645
48,2016,1,Andhra Pradesh,Krishna,Chickpea,1.77,3.23,1.824858757
48,2017,1,Andhra Pradesh,Krishna,Chickpea,2.29,4.33,1.890829694
49,2000,1,Andhra Pradesh,Guntur,Chickpea,16.9,40.19,2.378106509
49,2001,1,Andhra Pradesh,Guntur,Chickpea,22.83,42.78,1.873850197
49,2002,1,Andhra Pradesh,Guntur,Chickpea,40.82,53.94,1.321411073
49,2003,1,Andhra Pradesh,Guntur,Chickpea,53.26,95.34,1.790086369
49,2004,1,Andhra Pradesh,Guntur,Chickpea,37.12,56.68,1.526939655
49,2005,1,Andhra Pradesh,Guntur,Chickpea,47.92,90.76,1.893989983
49,2006,1,Andhra Pradesh,Guntur,Chickpea,59.75,111.75,1.870292887
49,2007,1,Andhra Pradesh,Guntur,Chickpea,63.49,86.92,1.369034494
49,2008,1,Andhra Pradesh,Guntur,Chickpea,55.69,101.92,1.830131083
49,2009,1,Andhra Pradesh,Guntur,Chickpea,52.9,86.64,1.637807183
49,2010,1,Andhra Pradesh,Guntur,Chickpea,43.06,73.35,1.703437065
49,2011,1,Andhra Pradesh,Guntur,Chickpea,55.24,87.79,1.589246923
49,2012,1,Andhra Pradesh,Guntur,Chickpea,74.25,139.07,1.872996633
49,2013,1,Andhra Pradesh,Guntur,Chickpea,41.47,83.83,2.021461297
49,2014,1,Andhra Pradesh,Guntur,Chickpea,29.29,57.79,1.973028337
49,2015,1,Andhra Pradesh,Guntur,Chickpea,58.39,107.95,1.848775475
49,2016,1,Andhra Pradesh,Guntur,Chickpea,60,99.78,1.663
49,2017,1,Andhra Pradesh,Guntur,Chickpea,81.56,124.97,1.532246199
50,2000,1,Andhra Pradesh,S.P.S. Nellore,Chickpea,13.41,31.91,2.379567487
50,2001,1,Andhra Pradesh,S.P.S. Nellore,Chickpea,17.46,32.71,1.873424971
50,2002,1,Andhra Pradesh,S.P.S. Nellore,Chickpea,27.46,36.82,1.340859432
50,2003,1,Andhra Pradesh,S.P.S. Nellore,Chickpea,32.41,58.02,1.790188214
50,2004,1,Andhra Pradesh,S.P.S. Nellore,Chickpea,30.61,46.74,1.526951976
50,2005,1,Andhra Pradesh,S.P.S. Nellore,Chickpea,37.45,72.71,1.941522029
50,2006,1,Andhra Pradesh,S.P.S. Nellore,Chickpea,50.54,98.03,1.939651761
50,2007,1,Andhra Pradesh,S.P.S. Nellore,Chickpea,52.6,61.65,1.172053232
50,2008,1,Andhra Pradesh,S.P.S. Nellore,Chickpea,46.11,75.04,1.627412709
50,2009,1,Andhra Pradesh,S.P.S. Nellore,Chickpea,45.84,74.39,1.622818499
50,2010,1,Andhra Pradesh,S.P.S. Nellore,Chickpea,37.37,60.13,1.609044688
50,2011,1,Andhra Pradesh,S.P.S. Nellore,Chickpea,47.92,69.16,1.443238731
50,2012,1,Andhra Pradesh,S.P.S. Nellore,Chickpea,54.14,93.2,1.721462874
50,2013,1,Andhra Pradesh,S.P.S. Nellore,Chickpea,33.83,61.02,1.803724505
50,2014,1,Andhra Pradesh,S.P.S. Nellore,Chickpea,22.98,43.5,1.892950392
50,2015,1,Andhra Pradesh,S.P.S. Nellore,Chickpea,42.06,77.07,1.832382311
50,2016,1,Andhra Pradesh,S.P.S. Nellore,Chickpea,44.63,57.39,1.285906341
50,2017,1,Andhra Pradesh,S.P.S. Nellore,Chickpea,50.97,65.96,1.294094565
51,2000,1,Andhra Pradesh,Kurnool,Chickpea,71.24,70.22,0.985682201
51,2001,1,Andhra Pradesh,Kurnool,Chickpea,114.03,138.95,1.218538981
51,2002,1,Andhra Pradesh,Kurnool,Chickpea,154.72,171.24,1.106773526
51,2003,1,Andhra Pradesh,Kurnool,Chickpea,152.26,132.98,0.873374491
51,2004,1,Andhra Pradesh,Kurnool,Chickpea,122.3,138.27,1.13058054
51,2005,1,Andhra Pradesh,Kurnool,Chickpea,152.72,254.99,1.669656888
51,2006,1,Andhra Pradesh,Kurnool,Chickpea,234.31,239.71,1.023046392
51,2007,1,Andhra Pradesh,Kurnool,Chickpea,252.34,433.14,1.71649362
51,2008,1,Andhra Pradesh,Kurnool,Chickpea,239.08,353.79,1.479797557
51,2009,1,Andhra Pradesh,Kurnool,Chickpea,254.51,361.72,1.421240816
51,2010,1,Andhra Pradesh,Kurnool,Chickpea,229.21,284.87,1.242834082
51,2011,1,Andhra Pradesh,Kurnool,Chickpea,216.18,175.43,0.811499676
51,2012,1,Andhra Pradesh,Kurnool,Chickpea,236.16,265.49,1.124195461
51,2013,1,Andhra Pradesh,Kurnool,Chickpea,212.47,299.48,1.409516638
51,2014,1,Andhra Pradesh,Kurnool,Chickpea,152,205.55,1.352302632
51,2015,1,Andhra Pradesh,Kurnool,Chickpea,213.96,187.62,0.876892877
51,2016,1,Andhra Pradesh,Kurnool,Chickpea,184.09,179.11,0.972948015
51,2017,1,Andhra Pradesh,Kurnool,Chickpea,211.99,271.4,1.280249068
52,2000,1,Andhra Pradesh,Ananthapur,Chickpea,33.88,22.7,0.670011806
52,2001,1,Andhra Pradesh,Ananthapur,Chickpea,47.91,50.16,1.046963056
52,2002,1,Andhra Pradesh,Ananthapur,Chickpea,54,20,0.37037037
52,2003,1,Andhra Pradesh,Ananthapur,Chickpea,51.46,15.44,0.300038865
52,2004,1,Andhra Pradesh,Ananthapur,Chickpea,42.11,9.52,0.226074567
52,2005,1,Andhra Pradesh,Ananthapur,Chickpea,49.11,48.17,0.980859295
52,2006,1,Andhra Pradesh,Ananthapur,Chickpea,83.53,30.74,0.368011493
52,2007,1,Andhra Pradesh,Ananthapur,Chickpea,74.85,78.22,1.04502338
52,2008,1,Andhra Pradesh,Ananthapur,Chickpea,73.06,68.38,0.93594306
52,2009,1,Andhra Pradesh,Ananthapur,Chickpea,92.94,107.25,1.153970303
52,2010,1,Andhra Pradesh,Ananthapur,Chickpea,94.24,73.6,0.78098472
52,2011,1,Andhra Pradesh,Ananthapur,Chickpea,68.48,38.01,0.55505257
52,2012,1,Andhra Pradesh,Ananthapur,Chickpea,89.68,77.3,0.861953613
52,2013,1,Andhra Pradesh,Ananthapur,Chickpea,85.77,68.61,0.799930045
52,2014,1,Andhra Pradesh,Ananthapur,Chickpea,68.09,38.68,0.56807167
52,2015,1,Andhra Pradesh,Ananthapur,Chickpea,75.8,34.19,0.451055409
52,2016,1,Andhra Pradesh,Ananthapur,Chickpea,22.87,5.92,0.258854394
52,2017,1,Andhra Pradesh,Ananthapur,Chickpea,74.4,50.59,0.679973118
53,2000,1,Andhra Pradesh,Kadapa YSR,Chickpea,30.64,38.54,1.257832898
53,2001,1,Andhra Pradesh,Kadapa YSR,Chickpea,42.87,54.06,1.261021693
53,2002,1,Andhra Pradesh,Kadapa YSR,Chickpea,54,28,0.518518519
53,2003,1,Andhra Pradesh,Kadapa YSR,Chickpea,44.58,49.22,1.104082548
53,2004,1,Andhra Pradesh,Kadapa YSR,Chickpea,35.57,28.99,0.815012651
53,2005,1,Andhra Pradesh,Kadapa YSR,Chickpea,33.46,55.51,1.658995816
53,2006,1,Andhra Pradesh,Kadapa YSR,Chickpea,71.79,32.66,0.454938014
53,2007,1,Andhra Pradesh,Kadapa YSR,Chickpea,66.93,86.74,1.295980876
53,2008,1,Andhra Pradesh,Kadapa YSR,Chickpea,71.45,67.45,0.944016795
53,2009,1,Andhra Pradesh,Kadapa YSR,Chickpea,77.34,38.13,0.493017843
53,2010,1,Andhra Pradesh,Kadapa YSR,Chickpea,69.52,76.82,1.105005754
53,2011,1,Andhra Pradesh,Kadapa YSR,Chickpea,90.37,74.91,0.828925528
53,2012,1,Andhra Pradesh,Kadapa YSR,Chickpea,112.19,18.85,0.16801854
53,2013,1,Andhra Pradesh,Kadapa YSR,Chickpea,97.05,131.59,1.355899021
53,2014,1,Andhra Pradesh,Kadapa YSR,Chickpea,68.17,43.08,0.631949538
53,2015,1,Andhra Pradesh,Kadapa YSR,Chickpea,79.21,89.51,1.130034087
53,2016,1,Andhra Pradesh,Kadapa YSR,Chickpea,82.04,33.06,0.402974159
53,2017,1,Andhra Pradesh,Kadapa YSR,Chickpea,97.14,68.97,0.710006177
54,2000,1,Andhra Pradesh,Chittoor,Chickpea,0.01,0.01,1
54,2001,1,Andhra Pradesh,Chittoor,Chickpea,0.01,0.01,1
54,2002,1,Andhra Pradesh,Chittoor,Chickpea,0,0,0
54,2003,1,Andhra Pradesh,Chittoor,Chickpea,0,0,0
54,2004,1,Andhra Pradesh,Chittoor,Chickpea,0.01,0.01,1
54,2005,1,Andhra Pradesh,Chittoor,Chickpea,0,0,0
54,2006,1,Andhra Pradesh,Chittoor,Chickpea,0,0,0
54,2007,1,Andhra Pradesh,Chittoor,Chickpea,0.01,0.01,1
54,2008,1,Andhra Pradesh,Chittoor,Chickpea,0.06,0.07,1.166666667
54,2009,1,Andhra Pradesh,Chittoor,Chickpea,0,0,0
54,2010,1,Andhra Pradesh,Chittoor,Chickpea,0,0,0
54,2011,1,Andhra Pradesh,Chittoor,Chickpea,0,0,0
54,2012,1,Andhra Pradesh,Chittoor,Chickpea,0.02,0.01,0.5
54,2013,1,Andhra Pradesh,Chittoor,Chickpea,0.01,0.01,1
54,2014,1,Andhra Pradesh,Chittoor,Chickpea,0.01,0.01,1
54,2015,1,Andhra Pradesh,Chittoor,Chickpea,0,0,0
54,2016,1,Andhra Pradesh,Chittoor,Chickpea,0,0,0
54,2017,1,Andhra Pradesh,Chittoor,Chickpea,0,0,0
44,2000,1,Andhra Pradesh,Srikakulam,Pigeonpea,2.41,1.33,0.55186722
44,2001,1,Andhra Pradesh,Srikakulam,Pigeonpea,2.05,1.19,0.580487805
44,2002,1,Andhra Pradesh,Srikakulam,Pigeonpea,3,1.5,0.5
44,2003,1,Andhra Pradesh,Srikakulam,Pigeonpea,2.51,1.07,0.426294821
44,2004,1,Andhra Pradesh,Srikakulam,Pigeonpea,2.35,1.56,0.663829787
44,2005,1,Andhra Pradesh,Srikakulam,Pigeonpea,2.2,1.33,0.604545455
44,2006,1,Andhra Pradesh,Srikakulam,Pigeonpea,2.38,1.15,0.483193277
44,2007,1,Andhra Pradesh,Srikakulam,Pigeonpea,2.38,1.85,0.777310924
44,2008,1,Andhra Pradesh,Srikakulam,Pigeonpea,2.27,1.09,0.480176211
44,2009,1,Andhra Pradesh,Srikakulam,Pigeonpea,2.09,1.39,0.66507177
44,2010,1,Andhra Pradesh,Srikakulam,Pigeonpea,2.88,1.45,0.503472222
44,2011,1,Andhra Pradesh,Srikakulam,Pigeonpea,1.91,1.01,0.528795812
44,2012,1,Andhra Pradesh,Srikakulam,Pigeonpea,1.69,1.33,0.786982249
44,2013,1,Andhra Pradesh,Srikakulam,Pigeonpea,1.66,1.59,0.957831325
44,2014,1,Andhra Pradesh,Srikakulam,Pigeonpea,1.21,1.01,0.834710744
44,2015,1,Andhra Pradesh,Srikakulam,Pigeonpea,1.14,0.5,0.438596491
44,2016,1,Andhra Pradesh,Srikakulam,Pigeonpea,1.33,0.84,0.631578947
44,2017,1,Andhra Pradesh,Srikakulam,Pigeonpea,1.15,0.73,0.634782609
45,2000,1,Andhra Pradesh,Visakhapatnam,Pigeonpea,6.81,2.41,0.353891336
45,2001,1,Andhra Pradesh,Visakhapatnam,Pigeonpea,5.54,1.9,0.342960289
45,2002,1,Andhra Pradesh,Visakhapatnam,Pigeonpea,6,2.5,0.416666667
45,2003,1,Andhra Pradesh,Visakhapatnam,Pigeonpea,5.22,2.59,0.496168582
45,2004,1,Andhra Pradesh,Visakhapatnam,Pigeonpea,5.68,2.84,0.5
45,2005,1,Andhra Pradesh,Visakhapatnam,Pigeonpea,4.6,1.58,0.343478261
45,2006,1,Andhra Pradesh,Visakhapatnam,Pigeonpea,4.48,1.73,0.386160714
45,2007,1,Andhra Pradesh,Visakhapatnam,Pigeonpea,4.6,2.35,0.510869565
45,2008,1,Andhra Pradesh,Visakhapatnam,Pigeonpea,3.81,1.32,0.346456693
45,2009,1,Andhra Pradesh,Visakhapatnam,Pigeonpea,3.4,1.96,0.576470588
45,2010,1,Andhra Pradesh,Visakhapatnam,Pigeonpea,4.97,2.04,0.410462777
45,2011,1,Andhra Pradesh,Visakhapatnam,Pigeonpea,3.45,1.47,0.426086957
45,2012,1,Andhra Pradesh,Visakhapatnam,Pigeonpea,2.88,1.35,0.46875
45,2013,1,Andhra Pradesh,Visakhapatnam,Pigeonpea,2.77,1.53,0.55234657
45,2014,1,Andhra Pradesh,Visakhapatnam,Pigeonpea,2.52,0.83,0.329365079
45,2015,1,Andhra Pradesh,Visakhapatnam,Pigeonpea,2.09,0.77,0.368421053
45,2016,1,Andhra Pradesh,Visakhapatnam,Pigeonpea,2.46,1.38,0.56097561
45,2017,1,Andhra Pradesh,Visakhapatnam,Pigeonpea,2.07,1.11,0.536231884
46,2000,1,Andhra Pradesh,East Godavari,Pigeonpea,1.86,0.95,0.510752688
46,2001,1,Andhra Pradesh,East Godavari,Pigeonpea,1.31,0.76,0.580152672
46,2002,1,Andhra Pradesh,East Godavari,Pigeonpea,1,0,0
46,2003,1,Andhra Pradesh,East Godavari,Pigeonpea,1.27,0.54,0.42519685
46,2004,1,Andhra Pradesh,East Godavari,Pigeonpea,0.86,0.57,0.662790698
46,2005,1,Andhra Pradesh,East Godavari,Pigeonpea,1.01,0.61,0.603960396
46,2006,1,Andhra Pradesh,East Godavari,Pigeonpea,0.92,0.44,0.47826087
46,2007,1,Andhra Pradesh,East Godavari,Pigeonpea,0.79,0.61,0.772151899
46,2008,1,Andhra Pradesh,East Godavari,Pigeonpea,0.72,0.34,0.472222222
46,2009,1,Andhra Pradesh,East Godavari,Pigeonpea,1.47,0.98,0.666666667
46,2010,1,Andhra Pradesh,East Godavari,Pigeonpea,0.74,0.38,0.513513514
46,2011,1,Andhra Pradesh,East Godavari,Pigeonpea,0.32,0.17,0.53125
46,2012,1,Andhra Pradesh,East Godavari,Pigeonpea,0.32,0.25,0.78125
46,2013,1,Andhra Pradesh,East Godavari,Pigeonpea,0.52,0.5,0.961538462
46,2014,1,Andhra Pradesh,East Godavari,Pigeonpea,2.22,1.85,0.833333333
46,2015,1,Andhra Pradesh,East Godavari,Pigeonpea,2.98,1.24,0.416107383
46,2016,1,Andhra Pradesh,East Godavari,Pigeonpea,2.79,0.85,0.304659498
46,2017,1,Andhra Pradesh,East Godavari,Pigeonpea,2.31,0.88,0.380952381
47,2000,1,Andhra Pradesh,West Godavari,Pigeonpea,0.69,0.38,0.550724638
47,2001,1,Andhra Pradesh,West Godavari,Pigeonpea,0.19,0.11,0.578947368
47,2002,1,Andhra Pradesh,West Godavari,Pigeonpea,0,0,0
47,2003,1,Andhra Pradesh,West Godavari,Pigeonpea,0.7,0.29,0.414285714
47,2004,1,Andhra Pradesh,West Godavari,Pigeonpea,0.33,0.22,0.666666667
47,2005,1,Andhra Pradesh,West Godavari,Pigeonpea,0.41,0.25,0.609756098
47,2006,1,Andhra Pradesh,West Godavari,Pigeonpea,0.27,0.13,0.481481481
47,2007,1,Andhra Pradesh,West Godavari,Pigeonpea,0.31,0.24,0.774193548
47,2008,1,Andhra Pradesh,West Godavari,Pigeonpea,0.26,0.12,0.461538462
47,2009,1,Andhra Pradesh,West Godavari,Pigeonpea,1.13,0.75,0.663716814
47,2010,1,Andhra Pradesh,West Godavari,Pigeonpea,0.59,0.3,0.508474576
47,2011,1,Andhra Pradesh,West Godavari,Pigeonpea,0.22,0.12,0.545454545
47,2012,1,Andhra Pradesh,West Godavari,Pigeonpea,0.23,0.18,0.782608696
47,2013,1,Andhra Pradesh,West Godavari,Pigeonpea,0.21,0.2,0.952380952
47,2014,1,Andhra Pradesh,West Godavari,Pigeonpea,0.73,0.61,0.835616438
47,2015,1,Andhra Pradesh,West Godavari,Pigeonpea,1.19,1.08,0.907563025
47,2016,1,Andhra Pradesh,West Godavari,Pigeonpea,0.58,0.34,0.586206897
47,2017,1,Andhra Pradesh,West Godavari,Pigeonpea,0.19,0.11,0.578947368
48,2000,1,Andhra Pradesh,Krishna,Pigeonpea,9.83,6.36,0.646998983
48,2001,1,Andhra Pradesh,Krishna,Pigeonpea,7.79,4.97,0.637997433
48,2002,1,Andhra Pradesh,Krishna,Pigeonpea,7,3,0.428571429
48,2003,1,Andhra Pradesh,Krishna,Pigeonpea,9.63,6.36,0.660436137
48,2004,1,Andhra Pradesh,Krishna,Pigeonpea,8.63,4.8,0.556199305
48,2005,1,Andhra Pradesh,Krishna,Pigeonpea,7.16,3.14,0.438547486
48,2006,1,Andhra Pradesh,Krishna,Pigeonpea,6.39,3.75,0.58685446
48,2007,1,Andhra Pradesh,Krishna,Pigeonpea,4.72,2.44,0.516949153
48,2008,1,Andhra Pradesh,Krishna,Pigeonpea,3.46,2.11,0.60982659
48,2009,1,Andhra Pradesh,Krishna,Pigeonpea,3.32,2.4,0.722891566
48,2010,1,Andhra Pradesh,Krishna,Pigeonpea,4.17,1.88,0.450839329
48,2011,1,Andhra Pradesh,Krishna,Pigeonpea,3.13,1.89,0.603833866
48,2012,1,Andhra Pradesh,Krishna,Pigeonpea,1.51,0.96,0.635761589
48,2013,1,Andhra Pradesh,Krishna,Pigeonpea,0.98,0.58,0.591836735
48,2014,1,Andhra Pradesh,Krishna,Pigeonpea,0.61,0.4,0.655737705
48,2015,1,Andhra Pradesh,Krishna,Pigeonpea,1.11,0.76,0.684684685
48,2016,1,Andhra Pradesh,Krishna,Pigeonpea,2.14,2.14,1
48,2017,1,Andhra Pradesh,Krishna,Pigeonpea,2.28,3.1,1.359649123
49,2000,1,Andhra Pradesh,Guntur,Pigeonpea,87.65,45.04,0.513861951
49,2001,1,Andhra Pradesh,Guntur,Pigeonpea,68.15,44.01,0.645781365
49,2002,1,Andhra Pradesh,Guntur,Pigeonpea,64.76,25.52,0.394070414
49,2003,1,Andhra Pradesh,Guntur,Pigeonpea,71.03,30.7,0.432211742
49,2004,1,Andhra Pradesh,Guntur,Pigeonpea,68.97,51.76,0.750471219
49,2005,1,Andhra Pradesh,Guntur,Pigeonpea,73.28,50.79,0.693094978
49,2006,1,Andhra Pradesh,Guntur,Pigeonpea,43.71,24.75,0.566231984
49,2007,1,Andhra Pradesh,Guntur,Pigeonpea,59.29,48.12,0.81160398
49,2008,1,Andhra Pradesh,Guntur,Pigeonpea,50.51,31.13,0.616313601
49,2009,1,Andhra Pradesh,Guntur,Pigeonpea,56.67,42.57,0.751191106
49,2010,1,Andhra Pradesh,Guntur,Pigeonpea,65.44,42.12,0.643643032
49,2011,1,Andhra Pradesh,Guntur,Pigeonpea,34.64,22.87,0.6602194
49,2012,1,Andhra Pradesh,Guntur,Pigeonpea,40.72,37.68,0.925343811
49,2013,1,Andhra Pradesh,Guntur,Pigeonpea,38.54,39.98,1.037363778
49,2014,1,Andhra Pradesh,Guntur,Pigeonpea,28.89,28.36,0.981654552
49,2015,1,Andhra Pradesh,Guntur,Pigeonpea,56.94,56.61,0.994204426
49,2016,1,Andhra Pradesh,Guntur,Pigeonpea,76.52,52.2,0.682174595
49,2017,1,Andhra Pradesh,Guntur,Pigeonpea,68.23,47.47,0.695735014
50,2000,1,Andhra Pradesh,S.P.S. Nellore,Pigeonpea,39.43,24.61,0.624144053
50,2001,1,Andhra Pradesh,S.P.S. Nellore,Pigeonpea,24.02,11.63,0.48417985
50,2002,1,Andhra Pradesh,S.P.S. Nellore,Pigeonpea,22.28,4.56,0.204667864
50,2003,1,Andhra Pradesh,S.P.S. Nellore,Pigeonpea,33.15,11.72,0.353544495
50,2004,1,Andhra Pradesh,S.P.S. Nellore,Pigeonpea,31.98,18.31,0.572545341
50,2005,1,Andhra Pradesh,S.P.S. Nellore,Pigeonpea,32.8,17.16,0.523170732
50,2006,1,Andhra Pradesh,S.P.S. Nellore,Pigeonpea,13.54,3.75,0.276957164
50,2007,1,Andhra Pradesh,S.P.S. Nellore,Pigeonpea,32.55,25.54,0.784639017
50,2008,1,Andhra Pradesh,S.P.S. Nellore,Pigeonpea,27.02,8.06,0.298297557
50,2009,1,Andhra Pradesh,S.P.S. Nellore,Pigeonpea,20.91,10.81,0.516977523
50,2010,1,Andhra Pradesh,S.P.S. Nellore,Pigeonpea,36.9,13.22,0.358265583
50,2011,1,Andhra Pradesh,S.P.S. Nellore,Pigeonpea,15.2,5.1,0.335526316
50,2012,1,Andhra Pradesh,S.P.S. Nellore,Pigeonpea,22.83,15.37,0.673236969
50,2013,1,Andhra Pradesh,S.P.S. Nellore,Pigeonpea,21.72,19.89,0.915745856
50,2014,1,Andhra Pradesh,S.P.S. Nellore,Pigeonpea,16.95,12.24,0.722123894
50,2015,1,Andhra Pradesh,S.P.S. Nellore,Pigeonpea,30.07,26.1,0.867974726
50,2016,1,Andhra Pradesh,S.P.S. Nellore,Pigeonpea,37.92,17.05,0.449630802
50,2017,1,Andhra Pradesh,S.P.S. Nellore,Pigeonpea,34.12,13.61,0.398886284
51,2000,1,Andhra Pradesh,Kurnool,Pigeonpea,53.8,26.82,0.498513011
51,2001,1,Andhra Pradesh,Kurnool,Pigeonpea,37.5,15.29,0.407733333
51,2002,1,Andhra Pradesh,Kurnool,Pigeonpea,40.96,14.92,0.364257813
51,2003,1,Andhra Pradesh,Kurnool,Pigeonpea,46.19,17.99,0.389478242
51,2004,1,Andhra Pradesh,Kurnool,Pigeonpea,46.34,22.06,0.476046612
51,2005,1,Andhra Pradesh,Kurnool,Pigeonpea,48.42,32.59,0.67306898
51,2006,1,Andhra Pradesh,Kurnool,Pigeonpea,38.55,11.3,0.293125811
51,2007,1,Andhra Pradesh,Kurnool,Pigeonpea,47.36,31.9,0.673564189
51,2008,1,Andhra Pradesh,Kurnool,Pigeonpea,41.35,13.71,0.331559855
51,2009,1,Andhra Pradesh,Kurnool,Pigeonpea,41.95,21.4,0.510131108
51,2010,1,Andhra Pradesh,Kurnool,Pigeonpea,84.25,34.79,0.412937685
51,2011,1,Andhra Pradesh,Kurnool,Pigeonpea,55.13,14.98,0.271721386
51,2012,1,Andhra Pradesh,Kurnool,Pigeonpea,59.48,30.49,0.51260928
51,2013,1,Andhra Pradesh,Kurnool,Pigeonpea,52.08,26.01,0.499423963
51,2014,1,Andhra Pradesh,Kurnool,Pigeonpea,50.63,23.63,0.466719336
51,2015,1,Andhra Pradesh,Kurnool,Pigeonpea,71.74,31.66,0.441315863
51,2016,1,Andhra Pradesh,Kurnool,Pigeonpea,128.5,46.71,0.363501946
51,2017,1,Andhra Pradesh,Kurnool,Pigeonpea,79.38,34.22,0.431090955
52,2000,1,Andhra Pradesh,Ananthapur,Pigeonpea,30.73,7.9,0.257077774
52,2001,1,Andhra Pradesh,Ananthapur,Pigeonpea,27.95,7.63,0.272987478
52,2002,1,Andhra Pradesh,Ananthapur,Pigeonpea,33,7,0.212121212
52,2003,1,Andhra Pradesh,Ananthapur,Pigeonpea,41.18,6.96,0.169014085
52,2004,1,Andhra Pradesh,Ananthapur,Pigeonpea,32.75,7.89,0.240916031
52,2005,1,Andhra Pradesh,Ananthapur,Pigeonpea,35.01,23.7,0.676949443
52,2006,1,Andhra Pradesh,Ananthapur,Pigeonpea,26.24,3.54,0.134908537
52,2007,1,Andhra Pradesh,Ananthapur,Pigeonpea,36.58,17.08,0.466921815
52,2008,1,Andhra Pradesh,Ananthapur,Pigeonpea,34.07,13.15,0.385970062
52,2009,1,Andhra Pradesh,Ananthapur,Pigeonpea,20.59,6.01,0.291889267
52,2010,1,Andhra Pradesh,Ananthapur,Pigeonpea,66.01,11.16,0.169065293
52,2011,1,Andhra Pradesh,Ananthapur,Pigeonpea,51.75,4.29,0.082898551
52,2012,1,Andhra Pradesh,Ananthapur,Pigeonpea,56.59,8.04,0.142074571
52,2013,1,Andhra Pradesh,Ananthapur,Pigeonpea,49.93,9.29,0.186060485
52,2014,1,Andhra Pradesh,Ananthapur,Pigeonpea,37.56,4.85,0.129126731
52,2015,1,Andhra Pradesh,Ananthapur,Pigeonpea,38.51,8.32,0.21604778
52,2016,1,Andhra Pradesh,Ananthapur,Pigeonpea,70.26,6.96,0.099060632
52,2017,1,Andhra Pradesh,Ananthapur,Pigeonpea,72.81,14.13,0.194066749
53,2000,1,Andhra Pradesh,Kadapa YSR,Pigeonpea,15.36,8.46,0.55078125
53,2001,1,Andhra Pradesh,Kadapa YSR,Pigeonpea,12.13,7.18,0.591920857
53,2002,1,Andhra Pradesh,Kadapa YSR,Pigeonpea,16,3,0.1875
53,2003,1,Andhra Pradesh,Kadapa YSR,Pigeonpea,29.67,9.02,0.304010785
53,2004,1,Andhra Pradesh,Kadapa YSR,Pigeonpea,18.47,4.82,0.260963725
53,2005,1,Andhra Pradesh,Kadapa YSR,Pigeonpea,16.39,4.38,0.26723612
53,2006,1,Andhra Pradesh,Kadapa YSR,Pigeonpea,9.32,1.53,0.16416309
53,2007,1,Andhra Pradesh,Kadapa YSR,Pigeonpea,13.75,4.08,0.296727273
53,2008,1,Andhra Pradesh,Kadapa YSR,Pigeonpea,10.49,0.84,0.080076263
53,2009,1,Andhra Pradesh,Kadapa YSR,Pigeonpea,12.52,2.12,0.169329073
53,2010,1,Andhra Pradesh,Kadapa YSR,Pigeonpea,19.78,5.7,0.288169869
53,2011,1,Andhra Pradesh,Kadapa YSR,Pigeonpea,9.08,2.27,0.25
53,2012,1,Andhra Pradesh,Kadapa YSR,Pigeonpea,10.39,1.1,0.10587103
53,2013,1,Andhra Pradesh,Kadapa YSR,Pigeonpea,8.12,2.45,0.301724138
53,2014,1,Andhra Pradesh,Kadapa YSR,Pigeonpea,2.39,0.36,0.150627615
53,2015,1,Andhra Pradesh,Kadapa YSR,Pigeonpea,7.76,3.11,0.400773196
53,2016,1,Andhra Pradesh,Kadapa YSR,Pigeonpea,17.92,3.49,0.194754464
53,2017,1,Andhra Pradesh,Kadapa YSR,Pigeonpea,8.96,2.7,0.301339286
54,2000,1,Andhra Pradesh,Chittoor,Pigeonpea,6.03,2.17,0.35986733
54,2001,1,Andhra Pradesh,Chittoor,Pigeonpea,5.4,0.92,0.17037037
54,2002,1,Andhra Pradesh,Chittoor,Pigeonpea,4,0,0
54,2003,1,Andhra Pradesh,Chittoor,Pigeonpea,8.49,0.64,0.075382803
54,2004,1,Andhra Pradesh,Chittoor,Pigeonpea,8.23,1.39,0.168894289
54,2005,1,Andhra Pradesh,Chittoor,Pigeonpea,7.75,1.87,0.241290323
54,2006,1,Andhra Pradesh,Chittoor,Pigeonpea,5.5,1.53,0.278181818
54,2007,1,Andhra Pradesh,Chittoor,Pigeonpea,6.56,1.28,0.195121951
54,2008,1,Andhra Pradesh,Chittoor,Pigeonpea,7.17,2.55,0.355648536
54,2009,1,Andhra Pradesh,Chittoor,Pigeonpea,6.67,1.43,0.214392804
54,2010,1,Andhra Pradesh,Chittoor,Pigeonpea,10.95,1.18,0.107762557
54,2011,1,Andhra Pradesh,Chittoor,Pigeonpea,8.03,1.21,0.150684932
54,2012,1,Andhra Pradesh,Chittoor,Pigeonpea,7.61,1.27,0.166885677
54,2013,1,Andhra Pradesh,Chittoor,Pigeonpea,7.61,1.93,0.253613666
54,2014,1,Andhra Pradesh,Chittoor,Pigeonpea,6.84,1.67,0.244152047
54,2015,1,Andhra Pradesh,Chittoor,Pigeonpea,6.78,1.99,0.293510324
54,2016,1,Andhra Pradesh,Chittoor,Pigeonpea,9.02,1.02,0.11308204
54,2017,1,Andhra Pradesh,Chittoor,Pigeonpea,8.01,2.04,0.254681648
44,2000,1,Andhra Pradesh,Srikakulam,Sugarcane,18.6,59.24,3.184946237
44,2001,1,Andhra Pradesh,Srikakulam,Sugarcane,19.67,88.39,4.493645145
44,2002,1,Andhra Pradesh,Srikakulam,Sugarcane,9.5,45.5,4.789473684
44,2003,1,Andhra Pradesh,Srikakulam,Sugarcane,13.59,81.62,6.005886681
44,2004,1,Andhra Pradesh,Srikakulam,Sugarcane,21.72,117.76,5.421731123
44,2005,1,Andhra Pradesh,Srikakulam,Sugarcane,32.55,131.21,4.031029186
44,2006,1,Andhra Pradesh,Srikakulam,Sugarcane,35.8,164.88,4.605586592
44,2007,1,Andhra Pradesh,Srikakulam,Sugarcane,31.82,103.15,3.241671904
44,2008,1,Andhra Pradesh,Srikakulam,Sugarcane,21.4,98.86,4.619626168
44,2009,1,Andhra Pradesh,Srikakulam,Sugarcane,16.66,60.35,3.62244898
44,2010,1,Andhra Pradesh,Srikakulam,Sugarcane,20.28,66.72,3.289940828
44,2011,1,Andhra Pradesh,Srikakulam,Sugarcane,24.35,108.98,4.475564682
44,2012,1,Andhra Pradesh,Srikakulam,Sugarcane,24.43,100.3,4.105607859
44,2013,1,Andhra Pradesh,Srikakulam,Sugarcane,14.12,92.69,6.564447592
44,2014,1,Andhra Pradesh,Srikakulam,Sugarcane,13.61,87.34,6.417340191
44,2015,1,Andhra Pradesh,Srikakulam,Sugarcane,12.96,91.59,7.06712963
44,2016,1,Andhra Pradesh,Srikakulam,Sugarcane,12.28,88.79,7.230456026
44,2017,1,Andhra Pradesh,Srikakulam,Sugarcane,11.58,85.19,7.356649396
45,2000,1,Andhra Pradesh,Visakhapatnam,Sugarcane,76.65,301.89,3.938551859
45,2001,1,Andhra Pradesh,Visakhapatnam,Sugarcane,72.65,247.49,3.40660702
45,2002,1,Andhra Pradesh,Visakhapatnam,Sugarcane,50.5,170.5,3.376237624
45,2003,1,Andhra Pradesh,Visakhapatnam,Sugarcane,45.71,229.4,5.018595493
45,2004,1,Andhra Pradesh,Visakhapatnam,Sugarcane,49.34,261.07,5.291244426
45,2005,1,Andhra Pradesh,Visakhapatnam,Sugarcane,83.97,262.38,3.124687388
45,2006,1,Andhra Pradesh,Visakhapatnam,Sugarcane,88.4,341.04,3.857918552
45,2007,1,Andhra Pradesh,Visakhapatnam,Sugarcane,85.91,354.35,4.124665347
45,2008,1,Andhra Pradesh,Visakhapatnam,Sugarcane,79.39,266.93,3.36226225
45,2009,1,Andhra Pradesh,Visakhapatnam,Sugarcane,78.66,217.9,2.770150013
45,2010,1,Andhra Pradesh,Visakhapatnam,Sugarcane,77.65,270.8,3.487443657
45,2011,1,Andhra Pradesh,Visakhapatnam,Sugarcane,74.25,271.03,3.65023569
45,2012,1,Andhra Pradesh,Visakhapatnam,Sugarcane,81.28,260.08,3.19980315
45,2013,1,Andhra Pradesh,Visakhapatnam,Sugarcane,46.04,263.47,5.722632493
45,2014,1,Andhra Pradesh,Visakhapatnam,Sugarcane,44.77,225.18,5.029707393
45,2015,1,Andhra Pradesh,Visakhapatnam,Sugarcane,42.73,245.39,5.742803651
45,2016,1,Andhra Pradesh,Visakhapatnam,Sugarcane,39,235.17,6.03
45,2017,1,Andhra Pradesh,Visakhapatnam,Sugarcane,38.39,225.08,5.862985152
46,2000,1,Andhra Pradesh,East Godavari,Sugarcane,21.47,133.52,6.218910107
46,2001,1,Andhra Pradesh,East Godavari,Sugarcane,20.83,126.34,6.065290446
46,2002,1,Andhra Pradesh,East Godavari,Sugarcane,15,114,7.6
46,2003,1,Andhra Pradesh,East Godavari,Sugarcane,16.29,141.68,8.697360344
46,2004,1,Andhra Pradesh,East Godavari,Sugarcane,15.97,134.77,8.438948028
46,2005,1,Andhra Pradesh,East Godavari,Sugarcane,31.23,154.91,4.960294589
46,2006,1,Andhra Pradesh,East Godavari,Sugarcane,33.35,182.02,5.457871064
46,2007,1,Andhra Pradesh,East Godavari,Sugarcane,31.36,160.96,5.132653061
46,2008,1,Andhra Pradesh,East Godavari,Sugarcane,28.36,119.11,4.199929478
46,2009,1,Andhra Pradesh,East Godavari,Sugarcane,23.07,103.43,4.48331166
46,2010,1,Andhra Pradesh,East Godavari,Sugarcane,24.66,108.65,4.405920519
46,2011,1,Andhra Pradesh,East Godavari,Sugarcane,24.99,108.69,4.349339736
46,2012,1,Andhra Pradesh,East Godavari,Sugarcane,25.81,112.92,4.375048431
46,2013,1,Andhra Pradesh,East Godavari,Sugarcane,13.86,116.53,8.407647908
46,2014,1,Andhra Pradesh,East Godavari,Sugarcane,12.41,105.64,8.512489927
46,2015,1,Andhra Pradesh,East Godavari,Sugarcane,11.65,103.77,8.907296137
46,2016,1,Andhra Pradesh,East Godavari,Sugarcane,10.52,94.34,8.967680608
46,2017,1,Andhra Pradesh,East Godavari,Sugarcane,10.32,91.25,8.842054264
47,2000,1,Andhra Pradesh,West Godavari,Sugarcane,62.22,281.26,4.520411443
47,2001,1,Andhra Pradesh,West Godavari,Sugarcane,63.7,300.89,4.723547881
47,2002,1,Andhra Pradesh,West Godavari,Sugarcane,35,263,7.514285714
47,2003,1,Andhra Pradesh,West Godavari,Sugarcane,32.72,299.38,9.149755501
47,2004,1,Andhra Pradesh,West Godavari,Sugarcane,33.64,302.32,8.986920333
47,2005,1,Andhra Pradesh,West Godavari,Sugarcane,66.14,328.5,4.966737224
47,2006,1,Andhra Pradesh,West Godavari,Sugarcane,67.83,354.81,5.230871296
47,2007,1,Andhra Pradesh,West Godavari,Sugarcane,62.89,352.68,5.607886786
47,2008,1,Andhra Pradesh,West Godavari,Sugarcane,52.9,305.83,5.781285444
47,2009,1,Andhra Pradesh,West Godavari,Sugarcane,43.1,205.05,4.757540603
47,2010,1,Andhra Pradesh,West Godavari,Sugarcane,52.85,254.69,4.819110691
47,2011,1,Andhra Pradesh,West Godavari,Sugarcane,50.46,254.32,5.040031708
47,2012,1,Andhra Pradesh,West Godavari,Sugarcane,43.01,220.61,5.129272262
47,2013,1,Andhra Pradesh,West Godavari,Sugarcane,24.03,221.41,9.213899293
47,2014,1,Andhra Pradesh,West Godavari,Sugarcane,19.09,173.22,9.07386066
47,2015,1,Andhra Pradesh,West Godavari,Sugarcane,14.8,137.05,9.260135135
47,2016,1,Andhra Pradesh,West Godavari,Sugarcane,9.1,80.54,8.850549451
47,2017,1,Andhra Pradesh,West Godavari,Sugarcane,7.95,84.95,10.68553459
48,2000,1,Andhra Pradesh,Krishna,Sugarcane,22.47,140.58,6.256341789
48,2001,1,Andhra Pradesh,Krishna,Sugarcane,24.02,108.62,4.522064946
48,2002,1,Andhra Pradesh,Krishna,Sugarcane,15,140,9.333333333
48,2003,1,Andhra Pradesh,Krishna,Sugarcane,17.52,131.61,7.511986301
48,2004,1,Andhra Pradesh,Krishna,Sugarcane,18.7,188.55,10.0828877
48,2005,1,Andhra Pradesh,Krishna,Sugarcane,43.11,190.96,4.429598701
48,2006,1,Andhra Pradesh,Krishna,Sugarcane,37.8,202.95,5.369047619
48,2007,1,Andhra Pradesh,Krishna,Sugarcane,27.77,178.08,6.412675549
48,2008,1,Andhra Pradesh,Krishna,Sugarcane,20.85,110.3,5.290167866
48,2009,1,Andhra Pradesh,Krishna,Sugarcane,21.57,84.02,3.895224849
48,2010,1,Andhra Pradesh,Krishna,Sugarcane,30.93,152.77,4.939217588
48,2011,1,Andhra Pradesh,Krishna,Sugarcane,30.36,164.42,5.415678524
48,2012,1,Andhra Pradesh,Krishna,Sugarcane,30.76,139.27,4.52763329
48,2013,1,Andhra Pradesh,Krishna,Sugarcane,16.12,144.78,8.981389578
48,2014,1,Andhra Pradesh,Krishna,Sugarcane,16.72,140.09,8.378588517
48,2015,1,Andhra Pradesh,Krishna,Sugarcane,14.56,149.17,10.24519231
48,2016,1,Andhra Pradesh,Krishna,Sugarcane,10.98,99.36,9.049180328
48,2017,1,Andhra Pradesh,Krishna,Sugarcane,10.26,94.57,9.217348928
49,2000,1,Andhra Pradesh,Guntur,Sugarcane,3.17,14.79,4.665615142
49,2001,1,Andhra Pradesh,Guntur,Sugarcane,3.15,14.59,4.631746032
49,2002,1,Andhra Pradesh,Guntur,Sugarcane,2,10.92,5.46
49,2003,1,Andhra Pradesh,Guntur,Sugarcane,1.68,11.96,7.119047619
49,2004,1,Andhra Pradesh,Guntur,Sugarcane,2.03,15.61,7.689655172
49,2005,1,Andhra Pradesh,Guntur,Sugarcane,3.21,14.97,4.663551402
49,2006,1,Andhra Pradesh,Guntur,Sugarcane,2.96,15.75,5.320945946
49,2007,1,Andhra Pradesh,Guntur,Sugarcane,2.33,13.48,5.785407725
49,2008,1,Andhra Pradesh,Guntur,Sugarcane,1.07,6.88,6.429906542
49,2009,1,Andhra Pradesh,Guntur,Sugarcane,0.92,4.63,5.032608696
49,2010,1,Andhra Pradesh,Guntur,Sugarcane,1.76,8.99,5.107954545
49,2011,1,Andhra Pradesh,Guntur,Sugarcane,1.69,11.81,6.98816568
49,2012,1,Andhra Pradesh,Guntur,Sugarcane,1.3,7.8,6
49,2013,1,Andhra Pradesh,Guntur,Sugarcane,0.73,6.76,9.260273973
49,2014,1,Andhra Pradesh,Guntur,Sugarcane,0.88,7.59,8.625
49,2015,1,Andhra Pradesh,Guntur,Sugarcane,0.62,5.72,9.225806452
49,2016,1,Andhra Pradesh,Guntur,Sugarcane,0.47,4.43,9.425531915
49,2017,1,Andhra Pradesh,Guntur,Sugarcane,0.33,3.17,9.606060606
50,2000,1,Andhra Pradesh,S.P.S. Nellore,Sugarcane,10.73,65.25,6.081081081
50,2001,1,Andhra Pradesh,S.P.S. Nellore,Sugarcane,11.36,85.87,7.558978873
50,2002,1,Andhra Pradesh,S.P.S. Nellore,Sugarcane,7,66.76,9.537142857
50,2003,1,Andhra Pradesh,S.P.S. Nellore,Sugarcane,5.8,56.45,9.732758621
50,2004,1,Andhra Pradesh,S.P.S. Nellore,Sugarcane,5.57,52.2,9.371633752
50,2005,1,Andhra Pradesh,S.P.S. Nellore,Sugarcane,15.32,77.71,5.072454308
50,2006,1,Andhra Pradesh,S.P.S. Nellore,Sugarcane,20.55,131.49,6.398540146
50,2007,1,Andhra Pradesh,S.P.S. Nellore,Sugarcane,17.73,95.43,5.382402707
50,2008,1,Andhra Pradesh,S.P.S. Nellore,Sugarcane,13.45,72.11,5.36133829
50,2009,1,Andhra Pradesh,S.P.S. Nellore,Sugarcane,10.33,50,4.840271055
50,2010,1,Andhra Pradesh,S.P.S. Nellore,Sugarcane,14.45,66.92,4.631141869
50,2011,1,Andhra Pradesh,S.P.S. Nellore,Sugarcane,17.93,100.34,5.596207474
50,2012,1,Andhra Pradesh,S.P.S. Nellore,Sugarcane,18.18,100.76,5.542354235
50,2013,1,Andhra Pradesh,S.P.S. Nellore,Sugarcane,8.09,83.79,10.35723115
50,2014,1,Andhra Pradesh,S.P.S. Nellore,Sugarcane,4.34,41.85,9.642857143
50,2015,1,Andhra Pradesh,S.P.S. Nellore,Sugarcane,2.13,21.48,10.08450704
50,2016,1,Andhra Pradesh,S.P.S. Nellore,Sugarcane,1.35,12.76,9.451851852
50,2017,1,Andhra Pradesh,S.P.S. Nellore,Sugarcane,1.05,10.54,10.03809524
51,2000,1,Andhra Pradesh,Kurnool,Sugarcane,0.23,0.7,3.043478261
51,2001,1,Andhra Pradesh,Kurnool,Sugarcane,0.25,0.77,3.08
51,2002,1,Andhra Pradesh,Kurnool,Sugarcane,0,1.32,0
51,2003,1,Andhra Pradesh,Kurnool,Sugarcane,0.49,3.41,6.959183673
51,2004,1,Andhra Pradesh,Kurnool,Sugarcane,0.32,3.62,11.3125
51,2005,1,Andhra Pradesh,Kurnool,Sugarcane,2.09,18.26,8.736842105
51,2006,1,Andhra Pradesh,Kurnool,Sugarcane,2.81,24.03,8.551601423
51,2007,1,Andhra Pradesh,Kurnool,Sugarcane,1.74,16.05,9.224137931
51,2008,1,Andhra Pradesh,Kurnool,Sugarcane,1.41,9.88,7.007092199
51,2009,1,Andhra Pradesh,Kurnool,Sugarcane,2.08,11.94,5.740384615
51,2010,1,Andhra Pradesh,Kurnool,Sugarcane,2.78,17.32,6.230215827
51,2011,1,Andhra Pradesh,Kurnool,Sugarcane,2.43,10.68,4.395061728
51,2012,1,Andhra Pradesh,Kurnool,Sugarcane,2.58,14.85,5.755813953
51,2013,1,Andhra Pradesh,Kurnool,Sugarcane,0.86,8.89,10.3372093
51,2014,1,Andhra Pradesh,Kurnool,Sugarcane,0.85,9.38,11.03529412
51,2015,1,Andhra Pradesh,Kurnool,Sugarcane,1.06,10.36,9.773584906
51,2016,1,Andhra Pradesh,Kurnool,Sugarcane,0.48,4.82,10.04166667
51,2017,1,Andhra Pradesh,Kurnool,Sugarcane,0.49,6.19,12.63265306
52,2000,1,Andhra Pradesh,Ananthapur,Sugarcane,0.82,2.59,3.158536585
52,2001,1,Andhra Pradesh,Ananthapur,Sugarcane,0.75,4.14,5.52
52,2002,1,Andhra Pradesh,Ananthapur,Sugarcane,0,2,0
52,2003,1,Andhra Pradesh,Ananthapur,Sugarcane,0.45,3.2,7.111111111
52,2004,1,Andhra Pradesh,Ananthapur,Sugarcane,0.26,3.41,13.11538462
52,2005,1,Andhra Pradesh,Ananthapur,Sugarcane,0.35,2.16,6.171428571
52,2006,1,Andhra Pradesh,Ananthapur,Sugarcane,0.43,3.37,7.837209302
52,2007,1,Andhra Pradesh,Ananthapur,Sugarcane,0.25,2.25,9
52,2008,1,Andhra Pradesh,Ananthapur,Sugarcane,0.19,1.23,6.473684211
52,2009,1,Andhra Pradesh,Ananthapur,Sugarcane,0.14,1,7.142857143
52,2010,1,Andhra Pradesh,Ananthapur,Sugarcane,0.24,2.1,8.75
52,2011,1,Andhra Pradesh,Ananthapur,Sugarcane,0.49,3.94,8.040816327
52,2012,1,Andhra Pradesh,Ananthapur,Sugarcane,0.36,0.7,1.944444444
52,2013,1,Andhra Pradesh,Ananthapur,Sugarcane,0.28,2.65,9.464285714
52,2014,1,Andhra Pradesh,Ananthapur,Sugarcane,0.03,0.25,8.333333333
52,2015,1,Andhra Pradesh,Ananthapur,Sugarcane,0.08,0.64,8
52,2016,1,Andhra Pradesh,Ananthapur,Sugarcane,0.09,0.95,10.55555556
52,2017,1,Andhra Pradesh,Ananthapur,Sugarcane,0.09,0.9,10
53,2000,1,Andhra Pradesh,Kadapa YSR,Sugarcane,0.36,3.35,9.305555556
53,2001,1,Andhra Pradesh,Kadapa YSR,Sugarcane,0.69,6.03,8.739130435
53,2002,1,Andhra Pradesh,Kadapa YSR,Sugarcane,1,7,7
53,2003,1,Andhra Pradesh,Kadapa YSR,Sugarcane,0.56,3.92,7
53,2004,1,Andhra Pradesh,Kadapa YSR,Sugarcane,0.41,3.38,8.243902439
53,2005,1,Andhra Pradesh,Kadapa YSR,Sugarcane,1.1,9.15,8.318181818
53,2006,1,Andhra Pradesh,Kadapa YSR,Sugarcane,2.99,23.99,8.023411371
53,2007,1,Andhra Pradesh,Kadapa YSR,Sugarcane,0.96,9.1,9.479166667
53,2008,1,Andhra Pradesh,Kadapa YSR,Sugarcane,0.21,0.54,2.571428571
53,2009,1,Andhra Pradesh,Kadapa YSR,Sugarcane,0.61,1.23,2.016393443
53,2010,1,Andhra Pradesh,Kadapa YSR,Sugarcane,1.44,7.54,5.236111111
53,2011,1,Andhra Pradesh,Kadapa YSR,Sugarcane,1.28,6.05,4.7265625
53,2012,1,Andhra Pradesh,Kadapa YSR,Sugarcane,1.22,6.03,4.942622951
53,2013,1,Andhra Pradesh,Kadapa YSR,Sugarcane,0.55,3.54,6.436363636
53,2014,1,Andhra Pradesh,Kadapa YSR,Sugarcane,0.37,3.06,8.27027027
53,2015,1,Andhra Pradesh,Kadapa YSR,Sugarcane,0.26,1.95,7.5
53,2016,1,Andhra Pradesh,Kadapa YSR,Sugarcane,0.25,1.9,7.6
53,2017,1,Andhra Pradesh,Kadapa YSR,Sugarcane,0.28,2.69,9.607142857
54,2000,1,Andhra Pradesh,Chittoor,Sugarcane,65.07,376.28,5.782695559
54,2001,1,Andhra Pradesh,Chittoor,Sugarcane,65.76,326.06,4.958333333
54,2002,1,Andhra Pradesh,Chittoor,Sugarcane,40,243,6.075
54,2003,1,Andhra Pradesh,Chittoor,Sugarcane,26.85,189.02,7.039851024
54,2004,1,Andhra Pradesh,Chittoor,Sugarcane,21.93,186.44,8.501595987
54,2005,1,Andhra Pradesh,Chittoor,Sugarcane,48.77,208.75,4.280295263
54,2006,1,Andhra Pradesh,Chittoor,Sugarcane,61.27,386.37,6.306022523
54,2007,1,Andhra Pradesh,Chittoor,Sugarcane,51.47,299.93,5.827278026
54,2008,1,Andhra Pradesh,Chittoor,Sugarcane,48.06,231.64,4.819808573
54,2009,1,Andhra Pradesh,Chittoor,Sugarcane,50.58,228.85,4.524515619
54,2010,1,Andhra Pradesh,Chittoor,Sugarcane,54.93,231.13,4.207718915
54,2011,1,Andhra Pradesh,Chittoor,Sugarcane,54.97,260.95,4.747134801
54,2012,1,Andhra Pradesh,Chittoor,Sugarcane,52.4,252.63,4.821183206
54,2013,1,Andhra Pradesh,Chittoor,Sugarcane,28.15,256.29,9.104440497
54,2014,1,Andhra Pradesh,Chittoor,Sugarcane,26.15,206.7,7.904397706
54,2015,1,Andhra Pradesh,Chittoor,Sugarcane,20.83,168.23,8.076332213
54,2016,1,Andhra Pradesh,Chittoor,Sugarcane,18.21,159.97,8.784733663
54,2017,1,Andhra Pradesh,Chittoor,Sugarcane,18.18,173.74,9.556655666
44,2000,1,Andhra Pradesh,Srikakulam,Cotton,6.77,2.18,0.322008863
44,2001,1,Andhra Pradesh,Srikakulam,Cotton,9.54,4.24,0.444444444
44,2002,1,Andhra Pradesh,Srikakulam,Cotton,8,2.38,0.2975
44,2003,1,Andhra Pradesh,Srikakulam,Cotton,11.44,3.15,0.27534965
44,2004,1,Andhra Pradesh,Srikakulam,Cotton,14.01,4.51,0.321912919
44,2005,1,Andhra Pradesh,Srikakulam,Cotton,11.53,2.28,0.197745013
44,2006,1,Andhra Pradesh,Srikakulam,Cotton,7.29,1.9,0.260631001
44,2007,1,Andhra Pradesh,Srikakulam,Cotton,5.31,1.8,0.338983051
44,2008,1,Andhra Pradesh,Srikakulam,Cotton,5.2,1.64,0.315384615
44,2009,1,Andhra Pradesh,Srikakulam,Cotton,5.66,1.96,0.346289753
44,2010,1,Andhra Pradesh,Srikakulam,Cotton,8.7,2.06,0.236781609
44,2011,1,Andhra Pradesh,Srikakulam,Cotton,11.43,3.38,0.295713036
44,2012,1,Andhra Pradesh,Srikakulam,Cotton,17.28,8.21,0.475115741
44,2013,1,Andhra Pradesh,Srikakulam,Cotton,17.5,7.6,0.434285714
44,2014,1,Andhra Pradesh,Srikakulam,Cotton,17.41,10.93,0.627800115
44,2015,1,Andhra Pradesh,Srikakulam,Cotton,16.68,8.04,0.482014388
44,2016,1,Andhra Pradesh,Srikakulam,Cotton,14.47,7.15,0.494125777
44,2017,1,Andhra Pradesh,Srikakulam,Cotton,14.29,7.95,0.5563331
45,2000,1,Andhra Pradesh,Visakhapatnam,Cotton,6.05,1.95,0.32231405
45,2001,1,Andhra Pradesh,Visakhapatnam,Cotton,8.84,3.92,0.443438914
45,2002,1,Andhra Pradesh,Visakhapatnam,Cotton,7,2.21,0.315714286
45,2003,1,Andhra Pradesh,Visakhapatnam,Cotton,11.09,2.97,0.267808837
45,2004,1,Andhra Pradesh,Visakhapatnam,Cotton,14.5,4.75,0.327586207
45,2005,1,Andhra Pradesh,Visakhapatnam,Cotton,10.69,1.94,0.181478017
45,2006,1,Andhra Pradesh,Visakhapatnam,Cotton,6.38,1.42,0.222570533
45,2007,1,Andhra Pradesh,Visakhapatnam,Cotton,3.93,0.85,0.216284987
45,2008,1,Andhra Pradesh,Visakhapatnam,Cotton,3.6,0.66,0.183333333
45,2009,1,Andhra Pradesh,Visakhapatnam,Cotton,5.11,1.66,0.324853229
45,2010,1,Andhra Pradesh,Visakhapatnam,Cotton,6.84,1.34,0.195906433
45,2011,1,Andhra Pradesh,Visakhapatnam,Cotton,7.25,1.86,0.256551724
45,2012,1,Andhra Pradesh,Visakhapatnam,Cotton,10.34,4.22,0.408123791
45,2013,1,Andhra Pradesh,Visakhapatnam,Cotton,10.45,3.88,0.371291866
45,2014,1,Andhra Pradesh,Visakhapatnam,Cotton,10.69,5.61,0.524789523
45,2015,1,Andhra Pradesh,Visakhapatnam,Cotton,9.92,3.63,0.365927419
45,2016,1,Andhra Pradesh,Visakhapatnam,Cotton,8.97,3.15,0.351170569
45,2017,1,Andhra Pradesh,Visakhapatnam,Cotton,8.29,3.38,0.407720145
46,2000,1,Andhra Pradesh,East Godavari,Cotton,5.58,1.79,0.32078853
46,2001,1,Andhra Pradesh,East Godavari,Cotton,6.29,2.79,0.443561208
46,2002,1,Andhra Pradesh,East Godavari,Cotton,5,1.36,0.272
46,2003,1,Andhra Pradesh,East Godavari,Cotton,8.97,4.54,0.50613155
46,2004,1,Andhra Pradesh,East Godavari,Cotton,16.02,7.75,0.483770287
46,2005,1,Andhra Pradesh,East Godavari,Cotton,13.94,1.73,0.1241033
46,2006,1,Andhra Pradesh,East Godavari,Cotton,9.03,3.3,0.365448505
46,2007,1,Andhra Pradesh,East Godavari,Cotton,7.9,3.14,0.397468354
46,2008,1,Andhra Pradesh,East Godavari,Cotton,7.43,2.41,0.3243607
46,2009,1,Andhra Pradesh,East Godavari,Cotton,6.85,3.34,0.487591241
46,2010,1,Andhra Pradesh,East Godavari,Cotton,12.11,3.66,0.302229562
46,2011,1,Andhra Pradesh,East Godavari,Cotton,13.15,3.38,0.257034221
46,2012,1,Andhra Pradesh,East Godavari,Cotton,16.85,5.53,0.328189911
46,2013,1,Andhra Pradesh,East Godavari,Cotton,21.78,4.45,0.204315886
46,2014,1,Andhra Pradesh,East Godavari,Cotton,22.43,8.57,0.382077575
46,2015,1,Andhra Pradesh,East Godavari,Cotton,20.57,10.83,0.526494895
46,2016,1,Andhra Pradesh,East Godavari,Cotton,12.74,6.07,0.476452119
46,2017,1,Andhra Pradesh,East Godavari,Cotton,16.36,6.43,0.393031785
47,2000,1,Andhra Pradesh,West Godavari,Cotton,2.03,0.65,0.320197044
47,2001,1,Andhra Pradesh,West Godavari,Cotton,3.27,1.45,0.443425076
47,2002,1,Andhra Pradesh,West Godavari,Cotton,1,0.34,0.34
47,2003,1,Andhra Pradesh,West Godavari,Cotton,3.76,1.9,0.505319149
47,2004,1,Andhra Pradesh,West Godavari,Cotton,8.73,4.22,0.483390607
47,2005,1,Andhra Pradesh,West Godavari,Cotton,11.2,4.61,0.411607143
47,2006,1,Andhra Pradesh,West Godavari,Cotton,4.37,2.29,0.52402746
47,2007,1,Andhra Pradesh,West Godavari,Cotton,4.5,3.08,0.684444444
47,2008,1,Andhra Pradesh,West Godavari,Cotton,3.51,2.15,0.612535613
47,2009,1,Andhra Pradesh,West Godavari,Cotton,2.52,1.38,0.547619048
47,2010,1,Andhra Pradesh,West Godavari,Cotton,3.96,1.53,0.386363636
47,2011,1,Andhra Pradesh,West Godavari,Cotton,5.13,1.87,0.364522417
47,2012,1,Andhra Pradesh,West Godavari,Cotton,6.43,3.69,0.573872473
47,2013,1,Andhra Pradesh,West Godavari,Cotton,5.24,2.35,0.448473282
47,2014,1,Andhra Pradesh,West Godavari,Cotton,9.8,2.49,0.254081633
47,2015,1,Andhra Pradesh,West Godavari,Cotton,8.39,4.99,0.594755662
47,2016,1,Andhra Pradesh,West Godavari,Cotton,4.61,2.66,0.577006508
47,2017,1,Andhra Pradesh,West Godavari,Cotton,4.53,2.52,0.556291391
48,2000,1,Andhra Pradesh,Krishna,Cotton,29.44,10.89,0.369904891
48,2001,1,Andhra Pradesh,Krishna,Cotton,35.37,13.19,0.3729149
48,2002,1,Andhra Pradesh,Krishna,Cotton,31,9.86,0.318064516
48,2003,1,Andhra Pradesh,Krishna,Cotton,35.44,17.82,0.50282167
48,2004,1,Andhra Pradesh,Krishna,Cotton,47.92,23.38,0.487896494
48,2005,1,Andhra Pradesh,Krishna,Cotton,45.83,15.03,0.327951124
48,2006,1,Andhra Pradesh,Krishna,Cotton,31.59,14.5,0.459006015
48,2007,1,Andhra Pradesh,Krishna,Cotton,34.78,19.55,0.562104658
48,2008,1,Andhra Pradesh,Krishna,Cotton,36.67,22.35,0.609490046
48,2009,1,Andhra Pradesh,Krishna,Cotton,46.9,23.92,0.510021322
48,2010,1,Andhra Pradesh,Krishna,Cotton,51.96,20.01,0.385103926
48,2011,1,Andhra Pradesh,Krishna,Cotton,59.85,20.83,0.348036759
48,2012,1,Andhra Pradesh,Krishna,Cotton,64.51,35.48,0.549992249
48,2013,1,Andhra Pradesh,Krishna,Cotton,59.3,40.44,0.681956155
48,2014,1,Andhra Pradesh,Krishna,Cotton,55.57,47.1,0.847579629
48,2015,1,Andhra Pradesh,Krishna,Cotton,52.78,36.15,0.68491853
48,2016,1,Andhra Pradesh,Krishna,Cotton,37.31,28.7,0.769230769
48,2017,1,Andhra Pradesh,Krishna,Cotton,48.36,35.25,0.728908189
49,2000,1,Andhra Pradesh,Guntur,Cotton,146.93,47.77,0.325120806
49,2001,1,Andhra Pradesh,Guntur,Cotton,143.6,69.18,0.481754875
49,2002,1,Andhra Pradesh,Guntur,Cotton,110.04,33.98,0.308796801
49,2003,1,Andhra Pradesh,Guntur,Cotton,155.41,87.26,0.56148253
49,2004,1,Andhra Pradesh,Guntur,Cotton,197.48,105.36,0.533522382
49,2005,1,Andhra Pradesh,Guntur,Cotton,162.64,81.19,0.499200689
49,2006,1,Andhra Pradesh,Guntur,Cotton,141.82,82.85,0.584191228
49,2007,1,Andhra Pradesh,Guntur,Cotton,160.73,122.67,0.763205375
49,2008,1,Andhra Pradesh,Guntur,Cotton,185.05,119.7,0.646852202
49,2009,1,Andhra Pradesh,Guntur,Cotton,166.65,96.55,0.579357936
49,2010,1,Andhra Pradesh,Guntur,Cotton,193.81,77.37,0.399205407
49,2011,1,Andhra Pradesh,Guntur,Cotton,189.36,69.86,0.368926912
49,2012,1,Andhra Pradesh,Guntur,Cotton,218.24,136.75,0.626603739
49,2013,1,Andhra Pradesh,Guntur,Cotton,232.01,158.68,0.683936037
49,2014,1,Andhra Pradesh,Guntur,Cotton,239.6,214.76,0.896327212
49,2015,1,Andhra Pradesh,Guntur,Cotton,225.09,152.01,0.675329868
49,2016,1,Andhra Pradesh,Guntur,Cotton,149.12,121.79,0.816724785
49,2017,1,Andhra Pradesh,Guntur,Cotton,200.1,151.48,0.757021489
50,2000,1,Andhra Pradesh,S.P.S. Nellore,Cotton,25.54,6.42,0.251370399
50,2001,1,Andhra Pradesh,S.P.S. Nellore,Cotton,20.85,6.96,0.33381295
50,2002,1,Andhra Pradesh,S.P.S. Nellore,Cotton,15.12,3.51,0.232142857
50,2003,1,Andhra Pradesh,S.P.S. Nellore,Cotton,23.6,8.98,0.380508475
50,2004,1,Andhra Pradesh,S.P.S. Nellore,Cotton,22.6,6.82,0.301769912
50,2005,1,Andhra Pradesh,S.P.S. Nellore,Cotton,12.41,3.93,0.316680097
50,2006,1,Andhra Pradesh,S.P.S. Nellore,Cotton,11.42,4.6,0.402802102
50,2007,1,Andhra Pradesh,S.P.S. Nellore,Cotton,14.14,7.95,0.562234795
50,2008,1,Andhra Pradesh,S.P.S. Nellore,Cotton,22.38,12.69,0.567024129
50,2009,1,Andhra Pradesh,S.P.S. Nellore,Cotton,17.09,8.54,0.499707431
50,2010,1,Andhra Pradesh,S.P.S. Nellore,Cotton,27.8,9.93,0.357194245
50,2011,1,Andhra Pradesh,S.P.S. Nellore,Cotton,38.95,14.95,0.383825417
50,2012,1,Andhra Pradesh,S.P.S. Nellore,Cotton,32.68,16.62,0.508567931
50,2013,1,Andhra Pradesh,S.P.S. Nellore,Cotton,38.84,22.27,0.573377961
50,2014,1,Andhra Pradesh,S.P.S. Nellore,Cotton,36.91,22.7,0.615009483
50,2015,1,Andhra Pradesh,S.P.S. Nellore,Cotton,27.75,13.62,0.490810811
50,2016,1,Andhra Pradesh,S.P.S. Nellore,Cotton,13.6,6.66,0.489705882
50,2017,1,Andhra Pradesh,S.P.S. Nellore,Cotton,18.34,7.55,0.411668484
51,2000,1,Andhra Pradesh,Kurnool,Cotton,126.29,28.75,0.227650645
51,2001,1,Andhra Pradesh,Kurnool,Cotton,88.65,16.49,0.186012408
51,2002,1,Andhra Pradesh,Kurnool,Cotton,58.84,9.26,0.157375935
51,2003,1,Andhra Pradesh,Kurnool,Cotton,45,8.92,0.198222222
51,2004,1,Andhra Pradesh,Kurnool,Cotton,81.4,12.53,0.153931204
51,2005,1,Andhra Pradesh,Kurnool,Cotton,27.69,4.73,0.170819791
51,2006,1,Andhra Pradesh,Kurnool,Cotton,20.45,5,0.244498778
51,2007,1,Andhra Pradesh,Kurnool,Cotton,32.78,10.1,0.308114704
51,2008,1,Andhra Pradesh,Kurnool,Cotton,29.92,10.86,0.362967914
51,2009,1,Andhra Pradesh,Kurnool,Cotton,41.34,11.5,0.278180939
51,2010,1,Andhra Pradesh,Kurnool,Cotton,62.23,22.06,0.354491403
51,2011,1,Andhra Pradesh,Kurnool,Cotton,106.51,24.62,0.231152005
51,2012,1,Andhra Pradesh,Kurnool,Cotton,165.72,35.56,0.214578808
51,2013,1,Andhra Pradesh,Kurnool,Cotton,217.5,130.57,0.600321839
51,2014,1,Andhra Pradesh,Kurnool,Cotton,317.61,153.07,0.481943264
51,2015,1,Andhra Pradesh,Kurnool,Cotton,209.45,70.68,0.33745524
51,2016,1,Andhra Pradesh,Kurnool,Cotton,178.72,97.12,0.543419875
51,2017,1,Andhra Pradesh,Kurnool,Cotton,264.92,134.54,0.507851427
52,2000,1,Andhra Pradesh,Ananthapur,Cotton,12.03,2.74,0.227763924
52,2001,1,Andhra Pradesh,Ananthapur,Cotton,8.55,1.54,0.180116959
52,2002,1,Andhra Pradesh,Ananthapur,Cotton,8,1.19,0.14875
52,2003,1,Andhra Pradesh,Ananthapur,Cotton,4.21,0.72,0.171021378
52,2004,1,Andhra Pradesh,Ananthapur,Cotton,8.93,1.2,0.134378499
52,2005,1,Andhra Pradesh,Ananthapur,Cotton,3.3,0.59,0.178787879
52,2006,1,Andhra Pradesh,Ananthapur,Cotton,1.51,0.33,0.218543046
52,2007,1,Andhra Pradesh,Ananthapur,Cotton,3.49,0.27,0.077363897
52,2008,1,Andhra Pradesh,Ananthapur,Cotton,1.61,0.21,0.130434783
52,2009,1,Andhra Pradesh,Ananthapur,Cotton,2.06,0.21,0.101941748
52,2010,1,Andhra Pradesh,Ananthapur,Cotton,4.34,0.51,0.117511521
52,2011,1,Andhra Pradesh,Ananthapur,Cotton,19.3,2.05,0.106217617
52,2012,1,Andhra Pradesh,Ananthapur,Cotton,27.64,6.05,0.218885673
52,2013,1,Andhra Pradesh,Ananthapur,Cotton,37.72,13.94,0.369565217
52,2014,1,Andhra Pradesh,Ananthapur,Cotton,74.62,18.9,0.253283302
52,2015,1,Andhra Pradesh,Ananthapur,Cotton,60.79,18.2,0.299391347
52,2016,1,Andhra Pradesh,Ananthapur,Cotton,31.8,4.69,0.147484277
52,2017,1,Andhra Pradesh,Ananthapur,Cotton,45.55,23.24,0.510208562
53,2000,1,Andhra Pradesh,Kadapa YSR,Cotton,30.69,7,0.228087325
53,2001,1,Andhra Pradesh,Kadapa YSR,Cotton,21.58,3.97,0.183966636
53,2002,1,Andhra Pradesh,Kadapa YSR,Cotton,12,2.21,0.184166667
53,2003,1,Andhra Pradesh,Kadapa YSR,Cotton,15.78,2.21,0.140050697
53,2004,1,Andhra Pradesh,Kadapa YSR,Cotton,27.72,2.69,0.097041847
53,2005,1,Andhra Pradesh,Kadapa YSR,Cotton,14.58,2.01,0.137860082
53,2006,1,Andhra Pradesh,Kadapa YSR,Cotton,7.94,0.96,0.120906801
53,2007,1,Andhra Pradesh,Kadapa YSR,Cotton,9.01,2.39,0.265260821
53,2008,1,Andhra Pradesh,Kadapa YSR,Cotton,11.47,1.98,0.172624237
53,2009,1,Andhra Pradesh,Kadapa YSR,Cotton,12.61,3.04,0.241078509
53,2010,1,Andhra Pradesh,Kadapa YSR,Cotton,17.01,6.94,0.407995297
53,2011,1,Andhra Pradesh,Kadapa YSR,Cotton,30.85,8.21,0.266126418
53,2012,1,Andhra Pradesh,Kadapa YSR,Cotton,28.88,10.11,0.350069252
53,2013,1,Andhra Pradesh,Kadapa YSR,Cotton,35.92,9.51,0.264755011
53,2014,1,Andhra Pradesh,Kadapa YSR,Cotton,35.59,10.73,0.301489182
53,2015,1,Andhra Pradesh,Kadapa YSR,Cotton,33.51,8.59,0.256341391
53,2016,1,Andhra Pradesh,Kadapa YSR,Cotton,19.4,3.23,0.166494845
53,2017,1,Andhra Pradesh,Kadapa YSR,Cotton,24.8,3.24,0.130645161
54,2000,1,Andhra Pradesh,Chittoor,Cotton,0.02,0,0
54,2001,1,Andhra Pradesh,Chittoor,Cotton,0,0,0
54,2002,1,Andhra Pradesh,Chittoor,Cotton,0,0,0
54,2003,1,Andhra Pradesh,Chittoor,Cotton,0,0,0
54,2004,1,Andhra Pradesh,Chittoor,Cotton,0,0,0
54,2005,1,Andhra Pradesh,Chittoor,Cotton,0,0,0
54,2006,1,Andhra Pradesh,Chittoor,Cotton,0,0,0
54,2007,1,Andhra Pradesh,Chittoor,Cotton,0,0,0
54,2008,1,Andhra Pradesh,Chittoor,Cotton,0.02,0.01,0.5
54,2009,1,Andhra Pradesh,Chittoor,Cotton,0.07,0.02,0.285714286
54,2010,1,Andhra Pradesh,Chittoor,Cotton,0.24,0.02,0.083333333
54,2011,1,Andhra Pradesh,Chittoor,Cotton,0.4,0.01,0.025
54,2012,1,Andhra Pradesh,Chittoor,Cotton,0.54,0.12,0.222222222
54,2013,1,Andhra Pradesh,Chittoor,Cotton,0.35,0.16,0.457142857
54,2014,1,Andhra Pradesh,Chittoor,Cotton,0.85,0.36,0.423529412
54,2015,1,Andhra Pradesh,Chittoor,Cotton,1.14,0.36,0.315789474
54,2016,1,Andhra Pradesh,Chittoor,Cotton,0.78,0.31,0.397435897
54,2017,1,Andhra Pradesh,Chittoor,Cotton,0.5,0.24,0.48
